LOCATION,ADDRESS,the_geom,event_time,duration,end_time,openclose
Downtown Reno Library,301 S. Center St. Reno 89501,0101000020E6100000247F30F0DCF35DC00A2BBA9AE1C24340,2016-10-23T11:00:00,18000.0,2016-10-23T16:00:00,1
Downtown Reno Library,301 S. Center St. Reno 89501,0101000020E6100000247F30F0DCF35DC00A2BBA9AE1C24340,2016-10-23T16:00:00,,,-1
Downtown Reno Library,301 S. Center St. Reno 89501,0101000020E6100000247F30F0DCF35DC00A2BBA9AE1C24340,2016-10-24T11:00:00,25200.0,2016-10-24T18:00:00,1
Downtown Reno Library,301 S. Center St. Reno 89501,0101000020E6100000247F30F0DCF35DC00A2BBA9AE1C24340,2016-10-24T18:00:00,,,-1
Downtown Reno Library,301 S. Center St. Reno 89501,0101000020E6100000247F30F0DCF35DC00A2BBA9AE1C24340,2016-10-25T11:00:00,25200.0,2016-10-25T18:00:00,1
Downtown Reno Library,301 S. Center St. Reno 89501,0101000020E6100000247F30F0DCF35DC00A2BBA9AE1C24340,2016-10-25T18:00:00,,,-1
Downtown Reno Library,301 S. Center St. Reno 89501,0101000020E6100000247F30F0DCF35DC00A2BBA9AE1C24340,2016-10-26T11:00:00,25200.0,2016-10-26T18:00:00,1
Downtown Reno Library,301 S. Center St. Reno 89501,0101000020E6100000247F30F0DCF35DC00A2BBA9AE1C24340,2016-10-26T18:00:00,,,-1
Downtown Reno Library,301 S. Center St. Reno 89501,0101000020E6100000247F30F0DCF35DC00A2BBA9AE1C24340,2016-10-30T11:00:00,18000.0,2016-10-30T16:00:00,1
Downtown Reno Library,301 S. Center St. Reno 89501,0101000020E6100000247F30F0DCF35DC00A2BBA9AE1C24340,2016-10-30T16:00:00,,,-1
Downtown Reno Library,301 S. Center St. Reno 89501,0101000020E6100000247F30F0DCF35DC00A2BBA9AE1C24340,2016-10-31T11:00:00,25200.0,2016-10-31T18:00:00,1
Downtown Reno Library,301 S. Center St. Reno 89501,0101000020E6100000247F30F0DCF35DC00A2BBA9AE1C24340,2016-10-31T18:00:00,,,-1
Downtown Reno Library,301 S. Center St. Reno 89501,0101000020E6100000247F30F0DCF35DC00A2BBA9AE1C24340,2016-11-01T11:00:00,25200.0,2016-11-01T18:00:00,1
Downtown Reno Library,301 S. Center St. Reno 89501,0101000020E6100000247F30F0DCF35DC00A2BBA9AE1C24340,2016-11-01T18:00:00,,,-1
Downtown Reno Library,301 S. Center St. Reno 89501,0101000020E6100000247F30F0DCF35DC00A2BBA9AE1C24340,2016-11-02T11:00:00,25200.0,2016-11-02T18:00:00,1
Downtown Reno Library,301 S. Center St. Reno 89501,0101000020E6100000247F30F0DCF35DC00A2BBA9AE1C24340,2016-11-02T18:00:00,,,-1
Downtown Reno Library,301 S. Center St. Reno 89501,0101000020E6100000247F30F0DCF35DC00A2BBA9AE1C24340,2016-11-03T11:00:00,25200.0,2016-11-03T18:00:00,1
Downtown Reno Library,301 S. Center St. Reno 89501,0101000020E6100000247F30F0DCF35DC00A2BBA9AE1C24340,2016-11-03T18:00:00,,,-1
Incline Village Library,845 Alder Ave Incline Village  89451,0101000020E6100000FA0AD28C45FD5DC040A4DFBE0EA04340,2016-10-22T11:00:00,25200.0,2016-10-22T18:00:00,1
Incline Village Library,845 Alder Ave Incline Village  89451,0101000020E6100000FA0AD28C45FD5DC040A4DFBE0EA04340,2016-10-22T18:00:00,,,-1
Incline Village Library,845 Alder Ave Incline Village  89451,0101000020E6100000FA0AD28C45FD5DC040A4DFBE0EA04340,2016-10-25T11:00:00,25200.0,2016-10-25T18:00:00,1
Incline Village Library,845 Alder Ave Incline Village  89451,0101000020E6100000FA0AD28C45FD5DC040A4DFBE0EA04340,2016-10-25T18:00:00,,,-1
Incline Village Library,845 Alder Ave Incline Village  89451,0101000020E6100000FA0AD28C45FD5DC040A4DFBE0EA04340,2016-10-26T11:00:00,25200.0,2016-10-26T18:00:00,1
Incline Village Library,845 Alder Ave Incline Village  89451,0101000020E6100000FA0AD28C45FD5DC040A4DFBE0EA04340,2016-10-26T18:00:00,,,-1
Incline Village Library,845 Alder Ave Incline Village  89451,0101000020E6100000FA0AD28C45FD5DC040A4DFBE0EA04340,2016-10-27T11:00:00,25200.0,2016-10-27T18:00:00,1
Incline Village Library,845 Alder Ave Incline Village  89451,0101000020E6100000FA0AD28C45FD5DC040A4DFBE0EA04340,2016-10-27T18:00:00,,,-1
Incline Village Library,845 Alder Ave Incline Village  89451,0101000020E6100000FA0AD28C45FD5DC040A4DFBE0EA04340,2016-10-29T11:00:00,25200.0,2016-10-29T18:00:00,1
Incline Village Library,845 Alder Ave Incline Village  89451,0101000020E6100000FA0AD28C45FD5DC040A4DFBE0EA04340,2016-10-29T18:00:00,,,-1
Incline Village Library,845 Alder Ave Incline Village  89451,0101000020E6100000FA0AD28C45FD5DC040A4DFBE0EA04340,2016-11-01T11:00:00,25200.0,2016-11-01T18:00:00,1
Incline Village Library,845 Alder Ave Incline Village  89451,0101000020E6100000FA0AD28C45FD5DC040A4DFBE0EA04340,2016-11-01T18:00:00,,,-1
Incline Village Library,845 Alder Ave Incline Village  89451,0101000020E6100000FA0AD28C45FD5DC040A4DFBE0EA04340,2016-11-02T11:00:00,25200.0,2016-11-02T18:00:00,1
Incline Village Library,845 Alder Ave Incline Village  89451,0101000020E6100000FA0AD28C45FD5DC040A4DFBE0EA04340,2016-11-02T18:00:00,,,-1
Incline Village Library,845 Alder Ave Incline Village  89451,0101000020E6100000FA0AD28C45FD5DC040A4DFBE0EA04340,2016-11-03T11:00:00,25200.0,2016-11-03T18:00:00,1
Incline Village Library,845 Alder Ave Incline Village  89451,0101000020E6100000FA0AD28C45FD5DC040A4DFBE0EA04340,2016-11-03T18:00:00,,,-1
Incline Village Library,845 Alder Ave Incline Village  89451,0101000020E6100000FA0AD28C45FD5DC040A4DFBE0EA04340,2016-11-04T11:00:00,25200.0,2016-11-04T18:00:00,1
Incline Village Library,845 Alder Ave Incline Village  89451,0101000020E6100000FA0AD28C45FD5DC040A4DFBE0EA04340,2016-11-04T18:00:00,,,-1
Legends at Sparks Marina,1310 Scheels Drive #B107 Sparks 89434,0101000020E610000043FF04172BEE5DC0CE1951DA1BC44340,2016-10-22T10:00:00,28800.0,2016-10-22T18:00:00,1
Legends at Sparks Marina,1310 Scheels Drive #B107 Sparks 89434,0101000020E610000043FF04172BEE5DC0CE1951DA1BC44340,2016-10-22T18:00:00,,,-1
Legends at Sparks Marina,1310 Scheels Drive #B107 Sparks 89434,0101000020E610000043FF04172BEE5DC0CE1951DA1BC44340,2016-10-23T11:00:00,18000.0,2016-10-23T16:00:00,1
Legends at Sparks Marina,1310 Scheels Drive #B107 Sparks 89434,0101000020E610000043FF04172BEE5DC0CE1951DA1BC44340,2016-10-23T16:00:00,,,-1
Legends at Sparks Marina,1310 Scheels Drive #B107 Sparks 89434,0101000020E610000043FF04172BEE5DC0CE1951DA1BC44340,2016-10-24T10:00:00,28800.0,2016-10-24T18:00:00,1
Legends at Sparks Marina,1310 Scheels Drive #B107 Sparks 89434,0101000020E610000043FF04172BEE5DC0CE1951DA1BC44340,2016-10-24T18:00:00,,,-1
Legends at Sparks Marina,1310 Scheels Drive #B107 Sparks 89434,0101000020E610000043FF04172BEE5DC0CE1951DA1BC44340,2016-10-25T10:00:00,28800.0,2016-10-25T18:00:00,1
Legends at Sparks Marina,1310 Scheels Drive #B107 Sparks 89434,0101000020E610000043FF04172BEE5DC0CE1951DA1BC44340,2016-10-25T18:00:00,,,-1
Legends at Sparks Marina,1310 Scheels Drive #B107 Sparks 89434,0101000020E610000043FF04172BEE5DC0CE1951DA1BC44340,2016-10-26T10:00:00,28800.0,2016-10-26T18:00:00,1
Legends at Sparks Marina,1310 Scheels Drive #B107 Sparks 89434,0101000020E610000043FF04172BEE5DC0CE1951DA1BC44340,2016-10-26T18:00:00,,,-1
Legends at Sparks Marina,1310 Scheels Drive #B107 Sparks 89434,0101000020E610000043FF04172BEE5DC0CE1951DA1BC44340,2016-10-27T10:00:00,28800.0,2016-10-27T18:00:00,1
Legends at Sparks Marina,1310 Scheels Drive #B107 Sparks 89434,0101000020E610000043FF04172BEE5DC0CE1951DA1BC44340,2016-10-27T18:00:00,,,-1
Legends at Sparks Marina,1310 Scheels Drive #B107 Sparks 89434,0101000020E610000043FF04172BEE5DC0CE1951DA1BC44340,2016-10-28T10:00:00,28800.0,2016-10-28T18:00:00,1
Legends at Sparks Marina,1310 Scheels Drive #B107 Sparks 89434,0101000020E610000043FF04172BEE5DC0CE1951DA1BC44340,2016-10-28T18:00:00,,,-1
Legends at Sparks Marina,1310 Scheels Drive #B107 Sparks 89434,0101000020E610000043FF04172BEE5DC0CE1951DA1BC44340,2016-10-29T10:00:00,28800.0,2016-10-29T18:00:00,1
Legends at Sparks Marina,1310 Scheels Drive #B107 Sparks 89434,0101000020E610000043FF04172BEE5DC0CE1951DA1BC44340,2016-10-29T18:00:00,,,-1
Legends at Sparks Marina,1310 Scheels Drive #B107 Sparks 89434,0101000020E610000043FF04172BEE5DC0CE1951DA1BC44340,2016-10-30T11:00:00,18000.0,2016-10-30T16:00:00,1
Legends at Sparks Marina,1310 Scheels Drive #B107 Sparks 89434,0101000020E610000043FF04172BEE5DC0CE1951DA1BC44340,2016-10-30T16:00:00,,,-1
Legends at Sparks Marina,1310 Scheels Drive #B107 Sparks 89434,0101000020E610000043FF04172BEE5DC0CE1951DA1BC44340,2016-10-31T10:00:00,28800.0,2016-10-31T18:00:00,1
Legends at Sparks Marina,1310 Scheels Drive #B107 Sparks 89434,0101000020E610000043FF04172BEE5DC0CE1951DA1BC44340,2016-10-31T18:00:00,,,-1
Legends at Sparks Marina,1310 Scheels Drive #B107 Sparks 89434,0101000020E610000043FF04172BEE5DC0CE1951DA1BC44340,2016-11-01T10:00:00,28800.0,2016-11-01T18:00:00,1
Legends at Sparks Marina,1310 Scheels Drive #B107 Sparks 89434,0101000020E610000043FF04172BEE5DC0CE1951DA1BC44340,2016-11-01T18:00:00,,,-1
Legends at Sparks Marina,1310 Scheels Drive #B107 Sparks 89434,0101000020E610000043FF04172BEE5DC0CE1951DA1BC44340,2016-11-02T10:00:00,28800.0,2016-11-02T18:00:00,1
Legends at Sparks Marina,1310 Scheels Drive #B107 Sparks 89434,0101000020E610000043FF04172BEE5DC0CE1951DA1BC44340,2016-11-02T18:00:00,,,-1
Legends at Sparks Marina,1310 Scheels Drive #B107 Sparks 89434,0101000020E610000043FF04172BEE5DC0CE1951DA1BC44340,2016-11-03T09:00:00,36000.0,2016-11-03T19:00:00,1
Legends at Sparks Marina,1310 Scheels Drive #B107 Sparks 89434,0101000020E610000043FF04172BEE5DC0CE1951DA1BC44340,2016-11-03T19:00:00,,,-1
Legends at Sparks Marina,1310 Scheels Drive #B107 Sparks 89434,0101000020E610000043FF04172BEE5DC0CE1951DA1BC44340,2016-11-04T09:00:00,36000.0,2016-11-04T19:00:00,1
Legends at Sparks Marina,1310 Scheels Drive #B107 Sparks 89434,0101000020E610000043FF04172BEE5DC0CE1951DA1BC44340,2016-11-04T19:00:00,,,-1
North Valleys Library,1075 North Hills Blvd #340 Reno 89506,0101000020E6100000481B47ACC5F55DC0C53D963E74CD4340,2016-10-22T11:00:00,18000.0,2016-10-22T16:00:00,1
North Valleys Library,1075 North Hills Blvd #340 Reno 89506,0101000020E6100000481B47ACC5F55DC0C53D963E74CD4340,2016-10-22T16:00:00,,,-1
North Valleys Library,1075 North Hills Blvd #340 Reno 89506,0101000020E6100000481B47ACC5F55DC0C53D963E74CD4340,2016-10-25T11:00:00,25200.0,2016-10-25T18:00:00,1
North Valleys Library,1075 North Hills Blvd #340 Reno 89506,0101000020E6100000481B47ACC5F55DC0C53D963E74CD4340,2016-10-25T18:00:00,,,-1
North Valleys Library,1075 North Hills Blvd #340 Reno 89506,0101000020E6100000481B47ACC5F55DC0C53D963E74CD4340,2016-10-26T11:00:00,25200.0,2016-10-26T18:00:00,1
North Valleys Library,1075 North Hills Blvd #340 Reno 89506,0101000020E6100000481B47ACC5F55DC0C53D963E74CD4340,2016-10-26T18:00:00,,,-1
North Valleys Library,1075 North Hills Blvd #340 Reno 89506,0101000020E6100000481B47ACC5F55DC0C53D963E74CD4340,2016-10-27T11:00:00,25200.0,2016-10-27T18:00:00,1
North Valleys Library,1075 North Hills Blvd #340 Reno 89506,0101000020E6100000481B47ACC5F55DC0C53D963E74CD4340,2016-10-27T18:00:00,,,-1
North Valleys Library,1075 North Hills Blvd #340 Reno 89506,0101000020E6100000481B47ACC5F55DC0C53D963E74CD4340,2016-10-29T11:00:00,18000.0,2016-10-29T16:00:00,1
North Valleys Library,1075 North Hills Blvd #340 Reno 89506,0101000020E6100000481B47ACC5F55DC0C53D963E74CD4340,2016-10-29T16:00:00,,,-1
North Valleys Library,1075 North Hills Blvd #340 Reno 89506,0101000020E6100000481B47ACC5F55DC0C53D963E74CD4340,2016-11-01T11:00:00,25200.0,2016-11-01T18:00:00,1
North Valleys Library,1075 North Hills Blvd #340 Reno 89506,0101000020E6100000481B47ACC5F55DC0C53D963E74CD4340,2016-11-01T18:00:00,,,-1
North Valleys Library,1075 North Hills Blvd #340 Reno 89506,0101000020E6100000481B47ACC5F55DC0C53D963E74CD4340,2016-11-02T11:00:00,25200.0,2016-11-02T18:00:00,1
North Valleys Library,1075 North Hills Blvd #340 Reno 89506,0101000020E6100000481B47ACC5F55DC0C53D963E74CD4340,2016-11-02T18:00:00,,,-1
North Valleys Library,1075 North Hills Blvd #340 Reno 89506,0101000020E6100000481B47ACC5F55DC0C53D963E74CD4340,2016-11-03T11:00:00,25200.0,2016-11-03T18:00:00,1
North Valleys Library,1075 North Hills Blvd #340 Reno 89506,0101000020E6100000481B47ACC5F55DC0C53D963E74CD4340,2016-11-03T18:00:00,,,-1
North Valleys Library,1075 North Hills Blvd #340 Reno 89506,0101000020E6100000481B47ACC5F55DC0C53D963E74CD4340,2016-11-04T11:00:00,25200.0,2016-11-04T18:00:00,1
North Valleys Library,1075 North Hills Blvd #340 Reno 89506,0101000020E6100000481B47ACC5F55DC0C53D963E74CD4340,2016-11-04T18:00:00,,,-1
Northwest Library,2325 Robb Dr Reno 89523,0101000020E6100000E605D847A7F85DC0F701486DE2C44340,2016-10-22T11:00:00,18000.0,2016-10-22T16:00:00,1
Northwest Library,2325 Robb Dr Reno 89523,0101000020E6100000E605D847A7F85DC0F701486DE2C44340,2016-10-22T16:00:00,,,-1
Northwest Library,2325 Robb Dr Reno 89523,0101000020E6100000E605D847A7F85DC0F701486DE2C44340,2016-10-24T11:00:00,25200.0,2016-10-24T18:00:00,1
Northwest Library,2325 Robb Dr Reno 89523,0101000020E6100000E605D847A7F85DC0F701486DE2C44340,2016-10-24T18:00:00,,,-1
Northwest Library,2325 Robb Dr Reno 89523,0101000020E6100000E605D847A7F85DC0F701486DE2C44340,2016-10-25T11:00:00,25200.0,2016-10-25T18:00:00,1
Northwest Library,2325 Robb Dr Reno 89523,0101000020E6100000E605D847A7F85DC0F701486DE2C44340,2016-10-25T18:00:00,,,-1
Northwest Library,2325 Robb Dr Reno 89523,0101000020E6100000E605D847A7F85DC0F701486DE2C44340,2016-10-26T11:00:00,25200.0,2016-10-26T18:00:00,1
Northwest Library,2325 Robb Dr Reno 89523,0101000020E6100000E605D847A7F85DC0F701486DE2C44340,2016-10-26T18:00:00,,,-1
Northwest Library,2325 Robb Dr Reno 89523,0101000020E6100000E605D847A7F85DC0F701486DE2C44340,2016-10-27T11:00:00,25200.0,2016-10-27T18:00:00,1
Northwest Library,2325 Robb Dr Reno 89523,0101000020E6100000E605D847A7F85DC0F701486DE2C44340,2016-10-27T18:00:00,,,-1
Northwest Library,2325 Robb Dr Reno 89523,0101000020E6100000E605D847A7F85DC0F701486DE2C44340,2016-10-29T11:00:00,18000.0,2016-10-29T16:00:00,1
Northwest Library,2325 Robb Dr Reno 89523,0101000020E6100000E605D847A7F85DC0F701486DE2C44340,2016-10-29T16:00:00,,,-1
Northwest Library,2325 Robb Dr Reno 89523,0101000020E6100000E605D847A7F85DC0F701486DE2C44340,2016-10-31T11:00:00,25200.0,2016-10-31T18:00:00,1
Northwest Library,2325 Robb Dr Reno 89523,0101000020E6100000E605D847A7F85DC0F701486DE2C44340,2016-10-31T18:00:00,,,-1
Northwest Library,2325 Robb Dr Reno 89523,0101000020E6100000E605D847A7F85DC0F701486DE2C44340,2016-11-01T11:00:00,25200.0,2016-11-01T18:00:00,1
Northwest Library,2325 Robb Dr Reno 89523,0101000020E6100000E605D847A7F85DC0F701486DE2C44340,2016-11-01T18:00:00,,,-1
Northwest Library,2325 Robb Dr Reno 89523,0101000020E6100000E605D847A7F85DC0F701486DE2C44340,2016-11-02T11:00:00,25200.0,2016-11-02T18:00:00,1
Northwest Library,2325 Robb Dr Reno 89523,0101000020E6100000E605D847A7F85DC0F701486DE2C44340,2016-11-02T18:00:00,,,-1
Northwest Library,2325 Robb Dr Reno 89523,0101000020E6100000E605D847A7F85DC0F701486DE2C44340,2016-11-03T11:00:00,25200.0,2016-11-03T18:00:00,1
Northwest Library,2325 Robb Dr Reno 89523,0101000020E6100000E605D847A7F85DC0F701486DE2C44340,2016-11-03T18:00:00,,,-1
Northwest Library,2325 Robb Dr Reno 89523,0101000020E6100000E605D847A7F85DC0F701486DE2C44340,2016-11-04T11:00:00,25200.0,2016-11-04T18:00:00,1
Northwest Library,2325 Robb Dr Reno 89523,0101000020E6100000E605D847A7F85DC0F701486DE2C44340,2016-11-04T18:00:00,,,-1
Raley's Store #102,2895 N. McCarran Blvd Sparks 89431,0101000020E610000035EF384547F05DC0B3EA73B515C74340,2016-10-22T10:00:00,28800.0,2016-10-22T18:00:00,1
Raley's Store #102,2895 N. McCarran Blvd Sparks 89431,0101000020E610000035EF384547F05DC0B3EA73B515C74340,2016-10-22T18:00:00,,,-1
Raley's Store #102,2895 N. McCarran Blvd Sparks 89431,0101000020E610000035EF384547F05DC0B3EA73B515C74340,2016-10-23T11:00:00,18000.0,2016-10-23T16:00:00,1
Raley's Store #102,2895 N. McCarran Blvd Sparks 89431,0101000020E610000035EF384547F05DC0B3EA73B515C74340,2016-10-23T16:00:00,,,-1
Raley's Store #102,2895 N. McCarran Blvd Sparks 89431,0101000020E610000035EF384547F05DC0B3EA73B515C74340,2016-10-24T10:00:00,28800.0,2016-10-24T18:00:00,1
Raley's Store #102,2895 N. McCarran Blvd Sparks 89431,0101000020E610000035EF384547F05DC0B3EA73B515C74340,2016-10-24T18:00:00,,,-1
Raley's Store #102,2895 N. McCarran Blvd Sparks 89431,0101000020E610000035EF384547F05DC0B3EA73B515C74340,2016-10-25T10:00:00,28800.0,2016-10-25T18:00:00,1
Raley's Store #102,2895 N. McCarran Blvd Sparks 89431,0101000020E610000035EF384547F05DC0B3EA73B515C74340,2016-10-25T18:00:00,,,-1
Raley's Store #102,2895 N. McCarran Blvd Sparks 89431,0101000020E610000035EF384547F05DC0B3EA73B515C74340,2016-10-26T10:00:00,28800.0,2016-10-26T18:00:00,1
Raley's Store #102,2895 N. McCarran Blvd Sparks 89431,0101000020E610000035EF384547F05DC0B3EA73B515C74340,2016-10-26T18:00:00,,,-1
Raley's Store #102,2895 N. McCarran Blvd Sparks 89431,0101000020E610000035EF384547F05DC0B3EA73B515C74340,2016-10-27T10:00:00,28800.0,2016-10-27T18:00:00,1
Raley's Store #102,2895 N. McCarran Blvd Sparks 89431,0101000020E610000035EF384547F05DC0B3EA73B515C74340,2016-10-27T18:00:00,,,-1
Raley's Store #102,2895 N. McCarran Blvd Sparks 89431,0101000020E610000035EF384547F05DC0B3EA73B515C74340,2016-10-28T10:00:00,28800.0,2016-10-28T18:00:00,1
Raley's Store #102,2895 N. McCarran Blvd Sparks 89431,0101000020E610000035EF384547F05DC0B3EA73B515C74340,2016-10-28T18:00:00,,,-1
Raley's Store #102,2895 N. McCarran Blvd Sparks 89431,0101000020E610000035EF384547F05DC0B3EA73B515C74340,2016-10-29T10:00:00,28800.0,2016-10-29T18:00:00,1
Raley's Store #102,2895 N. McCarran Blvd Sparks 89431,0101000020E610000035EF384547F05DC0B3EA73B515C74340,2016-10-29T18:00:00,,,-1
Raley's Store #102,2895 N. McCarran Blvd Sparks 89431,0101000020E610000035EF384547F05DC0B3EA73B515C74340,2016-10-30T11:00:00,18000.0,2016-10-30T16:00:00,1
Raley's Store #102,2895 N. McCarran Blvd Sparks 89431,0101000020E610000035EF384547F05DC0B3EA73B515C74340,2016-10-30T16:00:00,,,-1
Raley's Store #102,2895 N. McCarran Blvd Sparks 89431,0101000020E610000035EF384547F05DC0B3EA73B515C74340,2016-10-31T10:00:00,28800.0,2016-10-31T18:00:00,1
Raley's Store #102,2895 N. McCarran Blvd Sparks 89431,0101000020E610000035EF384547F05DC0B3EA73B515C74340,2016-10-31T18:00:00,,,-1
Raley's Store #102,2895 N. McCarran Blvd Sparks 89431,0101000020E610000035EF384547F05DC0B3EA73B515C74340,2016-11-01T10:00:00,28800.0,2016-11-01T18:00:00,1
Raley's Store #102,2895 N. McCarran Blvd Sparks 89431,0101000020E610000035EF384547F05DC0B3EA73B515C74340,2016-11-01T18:00:00,,,-1
Raley's Store #102,2895 N. McCarran Blvd Sparks 89431,0101000020E610000035EF384547F05DC0B3EA73B515C74340,2016-11-02T10:00:00,28800.0,2016-11-02T18:00:00,1
Raley's Store #102,2895 N. McCarran Blvd Sparks 89431,0101000020E610000035EF384547F05DC0B3EA73B515C74340,2016-11-02T18:00:00,,,-1
Raley's Store #102,2895 N. McCarran Blvd Sparks 89431,0101000020E610000035EF384547F05DC0B3EA73B515C74340,2016-11-03T09:00:00,36000.0,2016-11-03T19:00:00,1
Raley's Store #102,2895 N. McCarran Blvd Sparks 89431,0101000020E610000035EF384547F05DC0B3EA73B515C74340,2016-11-03T19:00:00,,,-1
Raley's Store #102,2895 N. McCarran Blvd Sparks 89431,0101000020E610000035EF384547F05DC0B3EA73B515C74340,2016-11-04T09:00:00,36000.0,2016-11-04T19:00:00,1
Raley's Store #102,2895 N. McCarran Blvd Sparks 89431,0101000020E610000035EF384547F05DC0B3EA73B515C74340,2016-11-04T19:00:00,,,-1
Raley's Store #105,1630 Robb Dr Reno 89523,0101000020E610000078B471C45AF85DC07AC7293A92C34340,2016-10-22T10:00:00,28800.0,2016-10-22T18:00:00,1
Raley's Store #105,1630 Robb Dr Reno 89523,0101000020E610000078B471C45AF85DC07AC7293A92C34340,2016-10-22T18:00:00,,,-1
Raley's Store #105,1630 Robb Dr Reno 89523,0101000020E610000078B471C45AF85DC07AC7293A92C34340,2016-10-23T11:00:00,18000.0,2016-10-23T16:00:00,1
Raley's Store #105,1630 Robb Dr Reno 89523,0101000020E610000078B471C45AF85DC07AC7293A92C34340,2016-10-23T16:00:00,,,-1
Raley's Store #105,1630 Robb Dr Reno 89523,0101000020E610000078B471C45AF85DC07AC7293A92C34340,2016-10-24T10:00:00,28800.0,2016-10-24T18:00:00,1
Raley's Store #105,1630 Robb Dr Reno 89523,0101000020E610000078B471C45AF85DC07AC7293A92C34340,2016-10-24T18:00:00,,,-1
Raley's Store #105,1630 Robb Dr Reno 89523,0101000020E610000078B471C45AF85DC07AC7293A92C34340,2016-10-25T10:00:00,28800.0,2016-10-25T18:00:00,1
Raley's Store #105,1630 Robb Dr Reno 89523,0101000020E610000078B471C45AF85DC07AC7293A92C34340,2016-10-25T18:00:00,,,-1
Raley's Store #105,1630 Robb Dr Reno 89523,0101000020E610000078B471C45AF85DC07AC7293A92C34340,2016-10-26T10:00:00,28800.0,2016-10-26T18:00:00,1
Raley's Store #105,1630 Robb Dr Reno 89523,0101000020E610000078B471C45AF85DC07AC7293A92C34340,2016-10-26T18:00:00,,,-1
Raley's Store #105,1630 Robb Dr Reno 89523,0101000020E610000078B471C45AF85DC07AC7293A92C34340,2016-10-27T10:00:00,28800.0,2016-10-27T18:00:00,1
Raley's Store #105,1630 Robb Dr Reno 89523,0101000020E610000078B471C45AF85DC07AC7293A92C34340,2016-10-27T18:00:00,,,-1
Raley's Store #105,1630 Robb Dr Reno 89523,0101000020E610000078B471C45AF85DC07AC7293A92C34340,2016-10-28T10:00:00,28800.0,2016-10-28T18:00:00,1
Raley's Store #105,1630 Robb Dr Reno 89523,0101000020E610000078B471C45AF85DC07AC7293A92C34340,2016-10-28T18:00:00,,,-1
Raley's Store #105,1630 Robb Dr Reno 89523,0101000020E610000078B471C45AF85DC07AC7293A92C34340,2016-10-29T10:00:00,28800.0,2016-10-29T18:00:00,1
Raley's Store #105,1630 Robb Dr Reno 89523,0101000020E610000078B471C45AF85DC07AC7293A92C34340,2016-10-29T18:00:00,,,-1
Raley's Store #105,1630 Robb Dr Reno 89523,0101000020E610000078B471C45AF85DC07AC7293A92C34340,2016-10-30T11:00:00,18000.0,2016-10-30T16:00:00,1
Raley's Store #105,1630 Robb Dr Reno 89523,0101000020E610000078B471C45AF85DC07AC7293A92C34340,2016-10-30T16:00:00,,,-1
Raley's Store #105,1630 Robb Dr Reno 89523,0101000020E610000078B471C45AF85DC07AC7293A92C34340,2016-10-31T10:00:00,28800.0,2016-10-31T18:00:00,1
Raley's Store #105,1630 Robb Dr Reno 89523,0101000020E610000078B471C45AF85DC07AC7293A92C34340,2016-10-31T18:00:00,,,-1
Raley's Store #105,1630 Robb Dr Reno 89523,0101000020E610000078B471C45AF85DC07AC7293A92C34340,2016-11-01T10:00:00,28800.0,2016-11-01T18:00:00,1
Raley's Store #105,1630 Robb Dr Reno 89523,0101000020E610000078B471C45AF85DC07AC7293A92C34340,2016-11-01T18:00:00,,,-1
Raley's Store #105,1630 Robb Dr Reno 89523,0101000020E610000078B471C45AF85DC07AC7293A92C34340,2016-11-02T10:00:00,28800.0,2016-11-02T18:00:00,1
Raley's Store #105,1630 Robb Dr Reno 89523,0101000020E610000078B471C45AF85DC07AC7293A92C34340,2016-11-02T18:00:00,,,-1
Raley's Store #105,1630 Robb Dr Reno 89523,0101000020E610000078B471C45AF85DC07AC7293A92C34340,2016-11-03T09:00:00,36000.0,2016-11-03T19:00:00,1
Raley's Store #105,1630 Robb Dr Reno 89523,0101000020E610000078B471C45AF85DC07AC7293A92C34340,2016-11-03T19:00:00,,,-1
Raley's Store #105,1630 Robb Dr Reno 89523,0101000020E610000078B471C45AF85DC07AC7293A92C34340,2016-11-04T09:00:00,36000.0,2016-11-04T19:00:00,1
Raley's Store #105,1630 Robb Dr Reno 89523,0101000020E610000078B471C45AF85DC07AC7293A92C34340,2016-11-04T19:00:00,,,-1
Raley's Store #106,701 Keystone Ave Reno 89503,0101000020E610000008556AF640F55DC0AB09A2EE03C44340,2016-10-22T10:00:00,28800.0,2016-10-22T18:00:00,1
Raley's Store #106,701 Keystone Ave Reno 89503,0101000020E610000008556AF640F55DC0AB09A2EE03C44340,2016-10-22T18:00:00,,,-1
Raley's Store #106,701 Keystone Ave Reno 89503,0101000020E610000008556AF640F55DC0AB09A2EE03C44340,2016-10-23T11:00:00,18000.0,2016-10-23T16:00:00,1
Raley's Store #106,701 Keystone Ave Reno 89503,0101000020E610000008556AF640F55DC0AB09A2EE03C44340,2016-10-23T16:00:00,,,-1
Raley's Store #106,701 Keystone Ave Reno 89503,0101000020E610000008556AF640F55DC0AB09A2EE03C44340,2016-10-24T10:00:00,28800.0,2016-10-24T18:00:00,1
Raley's Store #106,701 Keystone Ave Reno 89503,0101000020E610000008556AF640F55DC0AB09A2EE03C44340,2016-10-24T18:00:00,,,-1
Raley's Store #106,701 Keystone Ave Reno 89503,0101000020E610000008556AF640F55DC0AB09A2EE03C44340,2016-10-25T10:00:00,28800.0,2016-10-25T18:00:00,1
Raley's Store #106,701 Keystone Ave Reno 89503,0101000020E610000008556AF640F55DC0AB09A2EE03C44340,2016-10-25T18:00:00,,,-1
Raley's Store #106,701 Keystone Ave Reno 89503,0101000020E610000008556AF640F55DC0AB09A2EE03C44340,2016-10-26T10:00:00,28800.0,2016-10-26T18:00:00,1
Raley's Store #106,701 Keystone Ave Reno 89503,0101000020E610000008556AF640F55DC0AB09A2EE03C44340,2016-10-26T18:00:00,,,-1
Raley's Store #106,701 Keystone Ave Reno 89503,0101000020E610000008556AF640F55DC0AB09A2EE03C44340,2016-10-27T10:00:00,28800.0,2016-10-27T18:00:00,1
Raley's Store #106,701 Keystone Ave Reno 89503,0101000020E610000008556AF640F55DC0AB09A2EE03C44340,2016-10-27T18:00:00,,,-1
Raley's Store #106,701 Keystone Ave Reno 89503,0101000020E610000008556AF640F55DC0AB09A2EE03C44340,2016-10-28T10:00:00,28800.0,2016-10-28T18:00:00,1
Raley's Store #106,701 Keystone Ave Reno 89503,0101000020E610000008556AF640F55DC0AB09A2EE03C44340,2016-10-28T18:00:00,,,-1
Raley's Store #106,701 Keystone Ave Reno 89503,0101000020E610000008556AF640F55DC0AB09A2EE03C44340,2016-10-29T10:00:00,28800.0,2016-10-29T18:00:00,1
Raley's Store #106,701 Keystone Ave Reno 89503,0101000020E610000008556AF640F55DC0AB09A2EE03C44340,2016-10-29T18:00:00,,,-1
Raley's Store #106,701 Keystone Ave Reno 89503,0101000020E610000008556AF640F55DC0AB09A2EE03C44340,2016-10-30T11:00:00,18000.0,2016-10-30T16:00:00,1
Raley's Store #106,701 Keystone Ave Reno 89503,0101000020E610000008556AF640F55DC0AB09A2EE03C44340,2016-10-30T16:00:00,,,-1
Raley's Store #106,701 Keystone Ave Reno 89503,0101000020E610000008556AF640F55DC0AB09A2EE03C44340,2016-10-31T10:00:00,28800.0,2016-10-31T18:00:00,1
Raley's Store #106,701 Keystone Ave Reno 89503,0101000020E610000008556AF640F55DC0AB09A2EE03C44340,2016-10-31T18:00:00,,,-1
Raley's Store #106,701 Keystone Ave Reno 89503,0101000020E610000008556AF640F55DC0AB09A2EE03C44340,2016-11-01T10:00:00,28800.0,2016-11-01T18:00:00,1
Raley's Store #106,701 Keystone Ave Reno 89503,0101000020E610000008556AF640F55DC0AB09A2EE03C44340,2016-11-01T18:00:00,,,-1
Raley's Store #106,701 Keystone Ave Reno 89503,0101000020E610000008556AF640F55DC0AB09A2EE03C44340,2016-11-02T10:00:00,28800.0,2016-11-02T18:00:00,1
Raley's Store #106,701 Keystone Ave Reno 89503,0101000020E610000008556AF640F55DC0AB09A2EE03C44340,2016-11-02T18:00:00,,,-1
Raley's Store #106,701 Keystone Ave Reno 89503,0101000020E610000008556AF640F55DC0AB09A2EE03C44340,2016-11-03T09:00:00,36000.0,2016-11-03T19:00:00,1
Raley's Store #106,701 Keystone Ave Reno 89503,0101000020E610000008556AF640F55DC0AB09A2EE03C44340,2016-11-03T19:00:00,,,-1
Raley's Store #106,701 Keystone Ave Reno 89503,0101000020E610000008556AF640F55DC0AB09A2EE03C44340,2016-11-04T09:00:00,36000.0,2016-11-04T19:00:00,1
Raley's Store #106,701 Keystone Ave Reno 89503,0101000020E610000008556AF640F55DC0AB09A2EE03C44340,2016-11-04T19:00:00,,,-1
Raley's Store #108,18144 Wedge Pkwy Reno 89511,0101000020E6100000029F1F4608F15DC0C3D8429083B24340,2016-10-22T10:00:00,28800.0,2016-10-22T18:00:00,1
Raley's Store #108,18144 Wedge Pkwy Reno 89511,0101000020E6100000029F1F4608F15DC0C3D8429083B24340,2016-10-22T18:00:00,,,-1
Raley's Store #108,18144 Wedge Pkwy Reno 89511,0101000020E6100000029F1F4608F15DC0C3D8429083B24340,2016-10-23T11:00:00,18000.0,2016-10-23T16:00:00,1
Raley's Store #108,18144 Wedge Pkwy Reno 89511,0101000020E6100000029F1F4608F15DC0C3D8429083B24340,2016-10-23T16:00:00,,,-1
Raley's Store #108,18144 Wedge Pkwy Reno 89511,0101000020E6100000029F1F4608F15DC0C3D8429083B24340,2016-10-24T10:00:00,28800.0,2016-10-24T18:00:00,1
Raley's Store #108,18144 Wedge Pkwy Reno 89511,0101000020E6100000029F1F4608F15DC0C3D8429083B24340,2016-10-24T18:00:00,,,-1
Raley's Store #108,18144 Wedge Pkwy Reno 89511,0101000020E6100000029F1F4608F15DC0C3D8429083B24340,2016-10-25T10:00:00,28800.0,2016-10-25T18:00:00,1
Raley's Store #108,18144 Wedge Pkwy Reno 89511,0101000020E6100000029F1F4608F15DC0C3D8429083B24340,2016-10-25T18:00:00,,,-1
Raley's Store #108,18144 Wedge Pkwy Reno 89511,0101000020E6100000029F1F4608F15DC0C3D8429083B24340,2016-10-26T10:00:00,28800.0,2016-10-26T18:00:00,1
Raley's Store #108,18144 Wedge Pkwy Reno 89511,0101000020E6100000029F1F4608F15DC0C3D8429083B24340,2016-10-26T18:00:00,,,-1
Raley's Store #108,18144 Wedge Pkwy Reno 89511,0101000020E6100000029F1F4608F15DC0C3D8429083B24340,2016-10-27T10:00:00,28800.0,2016-10-27T18:00:00,1
Raley's Store #108,18144 Wedge Pkwy Reno 89511,0101000020E6100000029F1F4608F15DC0C3D8429083B24340,2016-10-27T18:00:00,,,-1
Raley's Store #108,18144 Wedge Pkwy Reno 89511,0101000020E6100000029F1F4608F15DC0C3D8429083B24340,2016-10-28T10:00:00,28800.0,2016-10-28T18:00:00,1
Raley's Store #108,18144 Wedge Pkwy Reno 89511,0101000020E6100000029F1F4608F15DC0C3D8429083B24340,2016-10-28T18:00:00,,,-1
Raley's Store #108,18144 Wedge Pkwy Reno 89511,0101000020E6100000029F1F4608F15DC0C3D8429083B24340,2016-10-29T10:00:00,28800.0,2016-10-29T18:00:00,1
Raley's Store #108,18144 Wedge Pkwy Reno 89511,0101000020E6100000029F1F4608F15DC0C3D8429083B24340,2016-10-29T18:00:00,,,-1
Raley's Store #108,18144 Wedge Pkwy Reno 89511,0101000020E6100000029F1F4608F15DC0C3D8429083B24340,2016-10-30T11:00:00,18000.0,2016-10-30T16:00:00,1
Raley's Store #108,18144 Wedge Pkwy Reno 89511,0101000020E6100000029F1F4608F15DC0C3D8429083B24340,2016-10-30T16:00:00,,,-1
Raley's Store #108,18144 Wedge Pkwy Reno 89511,0101000020E6100000029F1F4608F15DC0C3D8429083B24340,2016-10-31T10:00:00,28800.0,2016-10-31T18:00:00,1
Raley's Store #108,18144 Wedge Pkwy Reno 89511,0101000020E6100000029F1F4608F15DC0C3D8429083B24340,2016-10-31T18:00:00,,,-1
Raley's Store #108,18144 Wedge Pkwy Reno 89511,0101000020E6100000029F1F4608F15DC0C3D8429083B24340,2016-11-01T10:00:00,28800.0,2016-11-01T18:00:00,1
Raley's Store #108,18144 Wedge Pkwy Reno 89511,0101000020E6100000029F1F4608F15DC0C3D8429083B24340,2016-11-01T18:00:00,,,-1
Raley's Store #108,18144 Wedge Pkwy Reno 89511,0101000020E6100000029F1F4608F15DC0C3D8429083B24340,2016-11-02T10:00:00,28800.0,2016-11-02T18:00:00,1
Raley's Store #108,18144 Wedge Pkwy Reno 89511,0101000020E6100000029F1F4608F15DC0C3D8429083B24340,2016-11-02T18:00:00,,,-1
Raley's Store #108,18144 Wedge Pkwy Reno 89511,0101000020E6100000029F1F4608F15DC0C3D8429083B24340,2016-11-03T09:00:00,36000.0,2016-11-03T19:00:00,1
Raley's Store #108,18144 Wedge Pkwy Reno 89511,0101000020E6100000029F1F4608F15DC0C3D8429083B24340,2016-11-03T19:00:00,,,-1
Raley's Store #108,18144 Wedge Pkwy Reno 89511,0101000020E6100000029F1F4608F15DC0C3D8429083B24340,2016-11-04T09:00:00,36000.0,2016-11-04T19:00:00,1
Raley's Store #108,18144 Wedge Pkwy Reno 89511,0101000020E6100000029F1F4608F15DC0C3D8429083B24340,2016-11-04T19:00:00,,,-1
Raley's Store #110,2389 Wingfield Hills Rd Sparks 89436,0101000020E6100000B4024356B7EC5DC0EF2076A6D0CD4340,2016-10-22T10:00:00,28800.0,2016-10-22T18:00:00,1
Raley's Store #110,2389 Wingfield Hills Rd Sparks 89436,0101000020E6100000B4024356B7EC5DC0EF2076A6D0CD4340,2016-10-22T18:00:00,,,-1
Raley's Store #110,2389 Wingfield Hills Rd Sparks 89436,0101000020E6100000B4024356B7EC5DC0EF2076A6D0CD4340,2016-10-23T11:00:00,18000.0,2016-10-23T16:00:00,1
Raley's Store #110,2389 Wingfield Hills Rd Sparks 89436,0101000020E6100000B4024356B7EC5DC0EF2076A6D0CD4340,2016-10-23T16:00:00,,,-1
Raley's Store #110,2389 Wingfield Hills Rd Sparks 89436,0101000020E6100000B4024356B7EC5DC0EF2076A6D0CD4340,2016-10-24T10:00:00,28800.0,2016-10-24T18:00:00,1
Raley's Store #110,2389 Wingfield Hills Rd Sparks 89436,0101000020E6100000B4024356B7EC5DC0EF2076A6D0CD4340,2016-10-24T18:00:00,,,-1
Raley's Store #110,2389 Wingfield Hills Rd Sparks 89436,0101000020E6100000B4024356B7EC5DC0EF2076A6D0CD4340,2016-10-25T10:00:00,28800.0,2016-10-25T18:00:00,1
Raley's Store #110,2389 Wingfield Hills Rd Sparks 89436,0101000020E6100000B4024356B7EC5DC0EF2076A6D0CD4340,2016-10-25T18:00:00,,,-1
Raley's Store #110,2389 Wingfield Hills Rd Sparks 89436,0101000020E6100000B4024356B7EC5DC0EF2076A6D0CD4340,2016-10-26T10:00:00,28800.0,2016-10-26T18:00:00,1
Raley's Store #110,2389 Wingfield Hills Rd Sparks 89436,0101000020E6100000B4024356B7EC5DC0EF2076A6D0CD4340,2016-10-26T18:00:00,,,-1
Raley's Store #110,2389 Wingfield Hills Rd Sparks 89436,0101000020E6100000B4024356B7EC5DC0EF2076A6D0CD4340,2016-10-27T10:00:00,28800.0,2016-10-27T18:00:00,1
Raley's Store #110,2389 Wingfield Hills Rd Sparks 89436,0101000020E6100000B4024356B7EC5DC0EF2076A6D0CD4340,2016-10-27T18:00:00,,,-1
Raley's Store #110,2389 Wingfield Hills Rd Sparks 89436,0101000020E6100000B4024356B7EC5DC0EF2076A6D0CD4340,2016-10-28T10:00:00,28800.0,2016-10-28T18:00:00,1
Raley's Store #110,2389 Wingfield Hills Rd Sparks 89436,0101000020E6100000B4024356B7EC5DC0EF2076A6D0CD4340,2016-10-28T18:00:00,,,-1
Raley's Store #110,2389 Wingfield Hills Rd Sparks 89436,0101000020E6100000B4024356B7EC5DC0EF2076A6D0CD4340,2016-10-29T10:00:00,28800.0,2016-10-29T18:00:00,1
Raley's Store #110,2389 Wingfield Hills Rd Sparks 89436,0101000020E6100000B4024356B7EC5DC0EF2076A6D0CD4340,2016-10-29T18:00:00,,,-1
Raley's Store #110,2389 Wingfield Hills Rd Sparks 89436,0101000020E6100000B4024356B7EC5DC0EF2076A6D0CD4340,2016-10-30T11:00:00,18000.0,2016-10-30T16:00:00,1
Raley's Store #110,2389 Wingfield Hills Rd Sparks 89436,0101000020E6100000B4024356B7EC5DC0EF2076A6D0CD4340,2016-10-30T16:00:00,,,-1
Raley's Store #110,2389 Wingfield Hills Rd Sparks 89436,0101000020E6100000B4024356B7EC5DC0EF2076A6D0CD4340,2016-10-31T10:00:00,28800.0,2016-10-31T18:00:00,1
Raley's Store #110,2389 Wingfield Hills Rd Sparks 89436,0101000020E6100000B4024356B7EC5DC0EF2076A6D0CD4340,2016-10-31T18:00:00,,,-1
Raley's Store #110,2389 Wingfield Hills Rd Sparks 89436,0101000020E6100000B4024356B7EC5DC0EF2076A6D0CD4340,2016-11-01T10:00:00,28800.0,2016-11-01T18:00:00,1
Raley's Store #110,2389 Wingfield Hills Rd Sparks 89436,0101000020E6100000B4024356B7EC5DC0EF2076A6D0CD4340,2016-11-01T18:00:00,,,-1
Raley's Store #110,2389 Wingfield Hills Rd Sparks 89436,0101000020E6100000B4024356B7EC5DC0EF2076A6D0CD4340,2016-11-02T10:00:00,28800.0,2016-11-02T18:00:00,1
Raley's Store #110,2389 Wingfield Hills Rd Sparks 89436,0101000020E6100000B4024356B7EC5DC0EF2076A6D0CD4340,2016-11-02T18:00:00,,,-1
Raley's Store #110,2389 Wingfield Hills Rd Sparks 89436,0101000020E6100000B4024356B7EC5DC0EF2076A6D0CD4340,2016-11-03T09:00:00,36000.0,2016-11-03T19:00:00,1
Raley's Store #110,2389 Wingfield Hills Rd Sparks 89436,0101000020E6100000B4024356B7EC5DC0EF2076A6D0CD4340,2016-11-03T19:00:00,,,-1
Raley's Store #110,2389 Wingfield Hills Rd Sparks 89436,0101000020E6100000B4024356B7EC5DC0EF2076A6D0CD4340,2016-11-04T09:00:00,36000.0,2016-11-04T19:00:00,1
Raley's Store #110,2389 Wingfield Hills Rd Sparks 89436,0101000020E6100000B4024356B7EC5DC0EF2076A6D0CD4340,2016-11-04T19:00:00,,,-1
Registrar of Voters Office,1001 E 9th Street Reno  89512,0101000020E6100000D313967840F35DC0211FF46C56C54340,2016-10-22T10:00:00,14400.0,2016-10-22T14:00:00,1
Registrar of Voters Office,1001 E 9th Street Reno  89512,0101000020E6100000D313967840F35DC0211FF46C56C54340,2016-10-22T14:00:00,,,-1
Registrar of Voters Office,1001 E 9th Street Reno  89512,0101000020E6100000D313967840F35DC0211FF46C56C54340,2016-10-24T08:00:00,36000.0,2016-10-24T18:00:00,1
Registrar of Voters Office,1001 E 9th Street Reno  89512,0101000020E6100000D313967840F35DC0211FF46C56C54340,2016-10-24T18:00:00,,,-1
Registrar of Voters Office,1001 E 9th Street Reno  89512,0101000020E6100000D313967840F35DC0211FF46C56C54340,2016-10-25T08:00:00,36000.0,2016-10-25T18:00:00,1
Registrar of Voters Office,1001 E 9th Street Reno  89512,0101000020E6100000D313967840F35DC0211FF46C56C54340,2016-10-25T18:00:00,,,-1
Registrar of Voters Office,1001 E 9th Street Reno  89512,0101000020E6100000D313967840F35DC0211FF46C56C54340,2016-10-26T08:00:00,36000.0,2016-10-26T18:00:00,1
Registrar of Voters Office,1001 E 9th Street Reno  89512,0101000020E6100000D313967840F35DC0211FF46C56C54340,2016-10-26T18:00:00,,,-1
Registrar of Voters Office,1001 E 9th Street Reno  89512,0101000020E6100000D313967840F35DC0211FF46C56C54340,2016-10-27T08:00:00,36000.0,2016-10-27T18:00:00,1
Registrar of Voters Office,1001 E 9th Street Reno  89512,0101000020E6100000D313967840F35DC0211FF46C56C54340,2016-10-27T18:00:00,,,-1
Registrar of Voters Office,1001 E 9th Street Reno  89512,0101000020E6100000D313967840F35DC0211FF46C56C54340,2016-10-29T10:00:00,14400.0,2016-10-29T14:00:00,1
Registrar of Voters Office,1001 E 9th Street Reno  89512,0101000020E6100000D313967840F35DC0211FF46C56C54340,2016-10-29T14:00:00,,,-1
Registrar of Voters Office,1001 E 9th Street Reno  89512,0101000020E6100000D313967840F35DC0211FF46C56C54340,2016-10-31T08:00:00,36000.0,2016-10-31T18:00:00,1
Registrar of Voters Office,1001 E 9th Street Reno  89512,0101000020E6100000D313967840F35DC0211FF46C56C54340,2016-10-31T18:00:00,,,-1
Registrar of Voters Office,1001 E 9th Street Reno  89512,0101000020E6100000D313967840F35DC0211FF46C56C54340,2016-11-01T08:00:00,36000.0,2016-11-01T18:00:00,1
Registrar of Voters Office,1001 E 9th Street Reno  89512,0101000020E6100000D313967840F35DC0211FF46C56C54340,2016-11-01T18:00:00,,,-1
Registrar of Voters Office,1001 E 9th Street Reno  89512,0101000020E6100000D313967840F35DC0211FF46C56C54340,2016-11-02T08:00:00,36000.0,2016-11-02T18:00:00,1
Registrar of Voters Office,1001 E 9th Street Reno  89512,0101000020E6100000D313967840F35DC0211FF46C56C54340,2016-11-02T18:00:00,,,-1
Registrar of Voters Office,1001 E 9th Street Reno  89512,0101000020E6100000D313967840F35DC0211FF46C56C54340,2016-11-03T08:00:00,36000.0,2016-11-03T18:00:00,1
Registrar of Voters Office,1001 E 9th Street Reno  89512,0101000020E6100000D313967840F35DC0211FF46C56C54340,2016-11-03T18:00:00,,,-1
Registrar of Voters Office,1001 E 9th Street Reno  89512,0101000020E6100000D313967840F35DC0211FF46C56C54340,2016-11-04T08:00:00,36000.0,2016-11-04T18:00:00,1
Registrar of Voters Office,1001 E 9th Street Reno  89512,0101000020E6100000D313967840F35DC0211FF46C56C54340,2016-11-04T18:00:00,,,-1
Reno Town Mall,4001 S. Virginia Street Reno  89502,0101000020E6100000541D7233DCF25DC0EDB60BCD75BE4340,2016-10-22T10:00:00,28800.0,2016-10-22T18:00:00,1
Reno Town Mall,4001 S. Virginia Street Reno  89502,0101000020E6100000541D7233DCF25DC0EDB60BCD75BE4340,2016-10-22T18:00:00,,,-1
Reno Town Mall,4001 S. Virginia Street Reno  89502,0101000020E6100000541D7233DCF25DC0EDB60BCD75BE4340,2016-10-23T11:00:00,18000.0,2016-10-23T16:00:00,1
Reno Town Mall,4001 S. Virginia Street Reno  89502,0101000020E6100000541D7233DCF25DC0EDB60BCD75BE4340,2016-10-23T16:00:00,,,-1
Reno Town Mall,4001 S. Virginia Street Reno  89502,0101000020E6100000541D7233DCF25DC0EDB60BCD75BE4340,2016-10-24T10:00:00,28800.0,2016-10-24T18:00:00,1
Reno Town Mall,4001 S. Virginia Street Reno  89502,0101000020E6100000541D7233DCF25DC0EDB60BCD75BE4340,2016-10-24T18:00:00,,,-1
Reno Town Mall,4001 S. Virginia Street Reno  89502,0101000020E6100000541D7233DCF25DC0EDB60BCD75BE4340,2016-10-25T10:00:00,28800.0,2016-10-25T18:00:00,1
Reno Town Mall,4001 S. Virginia Street Reno  89502,0101000020E6100000541D7233DCF25DC0EDB60BCD75BE4340,2016-10-25T18:00:00,,,-1
Reno Town Mall,4001 S. Virginia Street Reno  89502,0101000020E6100000541D7233DCF25DC0EDB60BCD75BE4340,2016-10-26T10:00:00,28800.0,2016-10-26T18:00:00,1
Reno Town Mall,4001 S. Virginia Street Reno  89502,0101000020E6100000541D7233DCF25DC0EDB60BCD75BE4340,2016-10-26T18:00:00,,,-1
Reno Town Mall,4001 S. Virginia Street Reno  89502,0101000020E6100000541D7233DCF25DC0EDB60BCD75BE4340,2016-10-27T10:00:00,28800.0,2016-10-27T18:00:00,1
Reno Town Mall,4001 S. Virginia Street Reno  89502,0101000020E6100000541D7233DCF25DC0EDB60BCD75BE4340,2016-10-27T18:00:00,,,-1
Reno Town Mall,4001 S. Virginia Street Reno  89502,0101000020E6100000541D7233DCF25DC0EDB60BCD75BE4340,2016-10-28T10:00:00,28800.0,2016-10-28T18:00:00,1
Reno Town Mall,4001 S. Virginia Street Reno  89502,0101000020E6100000541D7233DCF25DC0EDB60BCD75BE4340,2016-10-28T18:00:00,,,-1
Reno Town Mall,4001 S. Virginia Street Reno  89502,0101000020E6100000541D7233DCF25DC0EDB60BCD75BE4340,2016-10-29T10:00:00,28800.0,2016-10-29T18:00:00,1
Reno Town Mall,4001 S. Virginia Street Reno  89502,0101000020E6100000541D7233DCF25DC0EDB60BCD75BE4340,2016-10-29T18:00:00,,,-1
Reno Town Mall,4001 S. Virginia Street Reno  89502,0101000020E6100000541D7233DCF25DC0EDB60BCD75BE4340,2016-10-30T11:00:00,18000.0,2016-10-30T16:00:00,1
Reno Town Mall,4001 S. Virginia Street Reno  89502,0101000020E6100000541D7233DCF25DC0EDB60BCD75BE4340,2016-10-30T16:00:00,,,-1
Reno Town Mall,4001 S. Virginia Street Reno  89502,0101000020E6100000541D7233DCF25DC0EDB60BCD75BE4340,2016-10-31T10:00:00,28800.0,2016-10-31T18:00:00,1
Reno Town Mall,4001 S. Virginia Street Reno  89502,0101000020E6100000541D7233DCF25DC0EDB60BCD75BE4340,2016-10-31T18:00:00,,,-1
Reno Town Mall,4001 S. Virginia Street Reno  89502,0101000020E6100000541D7233DCF25DC0EDB60BCD75BE4340,2016-11-01T10:00:00,28800.0,2016-11-01T18:00:00,1
Reno Town Mall,4001 S. Virginia Street Reno  89502,0101000020E6100000541D7233DCF25DC0EDB60BCD75BE4340,2016-11-01T18:00:00,,,-1
Reno Town Mall,4001 S. Virginia Street Reno  89502,0101000020E6100000541D7233DCF25DC0EDB60BCD75BE4340,2016-11-02T10:00:00,28800.0,2016-11-02T18:00:00,1
Reno Town Mall,4001 S. Virginia Street Reno  89502,0101000020E6100000541D7233DCF25DC0EDB60BCD75BE4340,2016-11-02T18:00:00,,,-1
Reno Town Mall,4001 S. Virginia Street Reno  89502,0101000020E6100000541D7233DCF25DC0EDB60BCD75BE4340,2016-11-03T09:00:00,36000.0,2016-11-03T19:00:00,1
Reno Town Mall,4001 S. Virginia Street Reno  89502,0101000020E6100000541D7233DCF25DC0EDB60BCD75BE4340,2016-11-03T19:00:00,,,-1
Reno Town Mall,4001 S. Virginia Street Reno  89502,0101000020E6100000541D7233DCF25DC0EDB60BCD75BE4340,2016-11-04T09:00:00,36000.0,2016-11-04T19:00:00,1
Reno Town Mall,4001 S. Virginia Street Reno  89502,0101000020E6100000541D7233DCF25DC0EDB60BCD75BE4340,2016-11-04T19:00:00,,,-1
Sak 'N Save Food Store,1901 Silverada Blvd Reno 89512,0101000020E6100000EAE74D452AF25DC0040473F4F8C54340,2016-10-22T10:00:00,28800.0,2016-10-22T18:00:00,1
Sak 'N Save Food Store,1901 Silverada Blvd Reno 89512,0101000020E6100000EAE74D452AF25DC0040473F4F8C54340,2016-10-22T18:00:00,,,-1
Sak 'N Save Food Store,1901 Silverada Blvd Reno 89512,0101000020E6100000EAE74D452AF25DC0040473F4F8C54340,2016-10-23T11:00:00,18000.0,2016-10-23T16:00:00,1
Sak 'N Save Food Store,1901 Silverada Blvd Reno 89512,0101000020E6100000EAE74D452AF25DC0040473F4F8C54340,2016-10-23T16:00:00,,,-1
Sak 'N Save Food Store,1901 Silverada Blvd Reno 89512,0101000020E6100000EAE74D452AF25DC0040473F4F8C54340,2016-10-24T10:00:00,28800.0,2016-10-24T18:00:00,1
Sak 'N Save Food Store,1901 Silverada Blvd Reno 89512,0101000020E6100000EAE74D452AF25DC0040473F4F8C54340,2016-10-24T18:00:00,,,-1
Sak 'N Save Food Store,1901 Silverada Blvd Reno 89512,0101000020E6100000EAE74D452AF25DC0040473F4F8C54340,2016-10-25T10:00:00,28800.0,2016-10-25T18:00:00,1
Sak 'N Save Food Store,1901 Silverada Blvd Reno 89512,0101000020E6100000EAE74D452AF25DC0040473F4F8C54340,2016-10-25T18:00:00,,,-1
Sak 'N Save Food Store,1901 Silverada Blvd Reno 89512,0101000020E6100000EAE74D452AF25DC0040473F4F8C54340,2016-10-26T10:00:00,28800.0,2016-10-26T18:00:00,1
Sak 'N Save Food Store,1901 Silverada Blvd Reno 89512,0101000020E6100000EAE74D452AF25DC0040473F4F8C54340,2016-10-26T18:00:00,,,-1
Sak 'N Save Food Store,1901 Silverada Blvd Reno 89512,0101000020E6100000EAE74D452AF25DC0040473F4F8C54340,2016-10-27T10:00:00,28800.0,2016-10-27T18:00:00,1
Sak 'N Save Food Store,1901 Silverada Blvd Reno 89512,0101000020E6100000EAE74D452AF25DC0040473F4F8C54340,2016-10-27T18:00:00,,,-1
Sak 'N Save Food Store,1901 Silverada Blvd Reno 89512,0101000020E6100000EAE74D452AF25DC0040473F4F8C54340,2016-10-28T10:00:00,28800.0,2016-10-28T18:00:00,1
Sak 'N Save Food Store,1901 Silverada Blvd Reno 89512,0101000020E6100000EAE74D452AF25DC0040473F4F8C54340,2016-10-28T18:00:00,,,-1
Sak 'N Save Food Store,1901 Silverada Blvd Reno 89512,0101000020E6100000EAE74D452AF25DC0040473F4F8C54340,2016-10-29T10:00:00,28800.0,2016-10-29T18:00:00,1
Sak 'N Save Food Store,1901 Silverada Blvd Reno 89512,0101000020E6100000EAE74D452AF25DC0040473F4F8C54340,2016-10-29T18:00:00,,,-1
Sak 'N Save Food Store,1901 Silverada Blvd Reno 89512,0101000020E6100000EAE74D452AF25DC0040473F4F8C54340,2016-10-30T11:00:00,18000.0,2016-10-30T16:00:00,1
Sak 'N Save Food Store,1901 Silverada Blvd Reno 89512,0101000020E6100000EAE74D452AF25DC0040473F4F8C54340,2016-10-30T16:00:00,,,-1
Sak 'N Save Food Store,1901 Silverada Blvd Reno 89512,0101000020E6100000EAE74D452AF25DC0040473F4F8C54340,2016-10-31T10:00:00,28800.0,2016-10-31T18:00:00,1
Sak 'N Save Food Store,1901 Silverada Blvd Reno 89512,0101000020E6100000EAE74D452AF25DC0040473F4F8C54340,2016-10-31T18:00:00,,,-1
Sak 'N Save Food Store,1901 Silverada Blvd Reno 89512,0101000020E6100000EAE74D452AF25DC0040473F4F8C54340,2016-11-01T10:00:00,28800.0,2016-11-01T18:00:00,1
Sak 'N Save Food Store,1901 Silverada Blvd Reno 89512,0101000020E6100000EAE74D452AF25DC0040473F4F8C54340,2016-11-01T18:00:00,,,-1
Sak 'N Save Food Store,1901 Silverada Blvd Reno 89512,0101000020E6100000EAE74D452AF25DC0040473F4F8C54340,2016-11-02T10:00:00,28800.0,2016-11-02T18:00:00,1
Sak 'N Save Food Store,1901 Silverada Blvd Reno 89512,0101000020E6100000EAE74D452AF25DC0040473F4F8C54340,2016-11-02T18:00:00,,,-1
Sak 'N Save Food Store,1901 Silverada Blvd Reno 89512,0101000020E6100000EAE74D452AF25DC0040473F4F8C54340,2016-11-03T09:00:00,36000.0,2016-11-03T19:00:00,1
Sak 'N Save Food Store,1901 Silverada Blvd Reno 89512,0101000020E6100000EAE74D452AF25DC0040473F4F8C54340,2016-11-03T19:00:00,,,-1
Sak 'N Save Food Store,1901 Silverada Blvd Reno 89512,0101000020E6100000EAE74D452AF25DC0040473F4F8C54340,2016-11-04T09:00:00,36000.0,2016-11-04T19:00:00,1
Sak 'N Save Food Store,1901 Silverada Blvd Reno 89512,0101000020E6100000EAE74D452AF25DC0040473F4F8C54340,2016-11-04T19:00:00,,,-1
Scolari's Store #101,950 Holman Way Sparks 89431,0101000020E610000075594C6C3EF05DC08A3C49BA66C64340,2016-10-22T10:00:00,28800.0,2016-10-22T18:00:00,1
Scolari's Store #101,950 Holman Way Sparks 89431,0101000020E610000075594C6C3EF05DC08A3C49BA66C64340,2016-10-22T18:00:00,,,-1
Scolari's Store #101,950 Holman Way Sparks 89431,0101000020E610000075594C6C3EF05DC08A3C49BA66C64340,2016-10-23T11:00:00,18000.0,2016-10-23T16:00:00,1
Scolari's Store #101,950 Holman Way Sparks 89431,0101000020E610000075594C6C3EF05DC08A3C49BA66C64340,2016-10-23T16:00:00,,,-1
Scolari's Store #101,950 Holman Way Sparks 89431,0101000020E610000075594C6C3EF05DC08A3C49BA66C64340,2016-10-24T10:00:00,28800.0,2016-10-24T18:00:00,1
Scolari's Store #101,950 Holman Way Sparks 89431,0101000020E610000075594C6C3EF05DC08A3C49BA66C64340,2016-10-24T18:00:00,,,-1
Scolari's Store #101,950 Holman Way Sparks 89431,0101000020E610000075594C6C3EF05DC08A3C49BA66C64340,2016-10-25T10:00:00,28800.0,2016-10-25T18:00:00,1
Scolari's Store #101,950 Holman Way Sparks 89431,0101000020E610000075594C6C3EF05DC08A3C49BA66C64340,2016-10-25T18:00:00,,,-1
Scolari's Store #101,950 Holman Way Sparks 89431,0101000020E610000075594C6C3EF05DC08A3C49BA66C64340,2016-10-26T10:00:00,28800.0,2016-10-26T18:00:00,1
Scolari's Store #101,950 Holman Way Sparks 89431,0101000020E610000075594C6C3EF05DC08A3C49BA66C64340,2016-10-26T18:00:00,,,-1
Scolari's Store #101,950 Holman Way Sparks 89431,0101000020E610000075594C6C3EF05DC08A3C49BA66C64340,2016-10-27T10:00:00,28800.0,2016-10-27T18:00:00,1
Scolari's Store #101,950 Holman Way Sparks 89431,0101000020E610000075594C6C3EF05DC08A3C49BA66C64340,2016-10-27T18:00:00,,,-1
Scolari's Store #101,950 Holman Way Sparks 89431,0101000020E610000075594C6C3EF05DC08A3C49BA66C64340,2016-10-28T10:00:00,28800.0,2016-10-28T18:00:00,1
Scolari's Store #101,950 Holman Way Sparks 89431,0101000020E610000075594C6C3EF05DC08A3C49BA66C64340,2016-10-28T18:00:00,,,-1
Scolari's Store #101,950 Holman Way Sparks 89431,0101000020E610000075594C6C3EF05DC08A3C49BA66C64340,2016-10-29T10:00:00,28800.0,2016-10-29T18:00:00,1
Scolari's Store #101,950 Holman Way Sparks 89431,0101000020E610000075594C6C3EF05DC08A3C49BA66C64340,2016-10-29T18:00:00,,,-1
Scolari's Store #101,950 Holman Way Sparks 89431,0101000020E610000075594C6C3EF05DC08A3C49BA66C64340,2016-10-30T11:00:00,18000.0,2016-10-30T16:00:00,1
Scolari's Store #101,950 Holman Way Sparks 89431,0101000020E610000075594C6C3EF05DC08A3C49BA66C64340,2016-10-30T16:00:00,,,-1
Scolari's Store #101,950 Holman Way Sparks 89431,0101000020E610000075594C6C3EF05DC08A3C49BA66C64340,2016-10-31T10:00:00,28800.0,2016-10-31T18:00:00,1
Scolari's Store #101,950 Holman Way Sparks 89431,0101000020E610000075594C6C3EF05DC08A3C49BA66C64340,2016-10-31T18:00:00,,,-1
Scolari's Store #101,950 Holman Way Sparks 89431,0101000020E610000075594C6C3EF05DC08A3C49BA66C64340,2016-11-01T10:00:00,28800.0,2016-11-01T18:00:00,1
Scolari's Store #101,950 Holman Way Sparks 89431,0101000020E610000075594C6C3EF05DC08A3C49BA66C64340,2016-11-01T18:00:00,,,-1
Scolari's Store #101,950 Holman Way Sparks 89431,0101000020E610000075594C6C3EF05DC08A3C49BA66C64340,2016-11-02T10:00:00,28800.0,2016-11-02T18:00:00,1
Scolari's Store #101,950 Holman Way Sparks 89431,0101000020E610000075594C6C3EF05DC08A3C49BA66C64340,2016-11-02T18:00:00,,,-1
Scolari's Store #101,950 Holman Way Sparks 89431,0101000020E610000075594C6C3EF05DC08A3C49BA66C64340,2016-11-03T09:00:00,36000.0,2016-11-03T19:00:00,1
Scolari's Store #101,950 Holman Way Sparks 89431,0101000020E610000075594C6C3EF05DC08A3C49BA66C64340,2016-11-03T19:00:00,,,-1
Scolari's Store #101,950 Holman Way Sparks 89431,0101000020E610000075594C6C3EF05DC08A3C49BA66C64340,2016-11-04T09:00:00,36000.0,2016-11-04T19:00:00,1
Scolari's Store #101,950 Holman Way Sparks 89431,0101000020E610000075594C6C3EF05DC08A3C49BA66C64340,2016-11-04T19:00:00,,,-1
Scolari's Store #18 ,3310 S. McCarran Blvd Reno 89502,0101000020E6100000CF4E0647C9EF5DC0520FD1E80EBE4340,2016-10-22T10:00:00,28800.0,2016-10-22T18:00:00,1
Scolari's Store #18 ,3310 S. McCarran Blvd Reno 89502,0101000020E6100000CF4E0647C9EF5DC0520FD1E80EBE4340,2016-10-22T18:00:00,,,-1
Scolari's Store #18 ,3310 S. McCarran Blvd Reno 89502,0101000020E6100000CF4E0647C9EF5DC0520FD1E80EBE4340,2016-10-23T11:00:00,18000.0,2016-10-23T16:00:00,1
Scolari's Store #18 ,3310 S. McCarran Blvd Reno 89502,0101000020E6100000CF4E0647C9EF5DC0520FD1E80EBE4340,2016-10-23T16:00:00,,,-1
Scolari's Store #18 ,3310 S. McCarran Blvd Reno 89502,0101000020E6100000CF4E0647C9EF5DC0520FD1E80EBE4340,2016-10-24T10:00:00,28800.0,2016-10-24T18:00:00,1
Scolari's Store #18 ,3310 S. McCarran Blvd Reno 89502,0101000020E6100000CF4E0647C9EF5DC0520FD1E80EBE4340,2016-10-24T18:00:00,,,-1
Scolari's Store #18 ,3310 S. McCarran Blvd Reno 89502,0101000020E6100000CF4E0647C9EF5DC0520FD1E80EBE4340,2016-10-25T10:00:00,28800.0,2016-10-25T18:00:00,1
Scolari's Store #18 ,3310 S. McCarran Blvd Reno 89502,0101000020E6100000CF4E0647C9EF5DC0520FD1E80EBE4340,2016-10-25T18:00:00,,,-1
Scolari's Store #18 ,3310 S. McCarran Blvd Reno 89502,0101000020E6100000CF4E0647C9EF5DC0520FD1E80EBE4340,2016-10-26T10:00:00,28800.0,2016-10-26T18:00:00,1
Scolari's Store #18 ,3310 S. McCarran Blvd Reno 89502,0101000020E6100000CF4E0647C9EF5DC0520FD1E80EBE4340,2016-10-26T18:00:00,,,-1
Scolari's Store #18 ,3310 S. McCarran Blvd Reno 89502,0101000020E6100000CF4E0647C9EF5DC0520FD1E80EBE4340,2016-10-27T10:00:00,28800.0,2016-10-27T18:00:00,1
Scolari's Store #18 ,3310 S. McCarran Blvd Reno 89502,0101000020E6100000CF4E0647C9EF5DC0520FD1E80EBE4340,2016-10-27T18:00:00,,,-1
Scolari's Store #18 ,3310 S. McCarran Blvd Reno 89502,0101000020E6100000CF4E0647C9EF5DC0520FD1E80EBE4340,2016-10-28T10:00:00,28800.0,2016-10-28T18:00:00,1
Scolari's Store #18 ,3310 S. McCarran Blvd Reno 89502,0101000020E6100000CF4E0647C9EF5DC0520FD1E80EBE4340,2016-10-28T18:00:00,,,-1
Scolari's Store #18 ,3310 S. McCarran Blvd Reno 89502,0101000020E6100000CF4E0647C9EF5DC0520FD1E80EBE4340,2016-10-29T10:00:00,28800.0,2016-10-29T18:00:00,1
Scolari's Store #18 ,3310 S. McCarran Blvd Reno 89502,0101000020E6100000CF4E0647C9EF5DC0520FD1E80EBE4340,2016-10-29T18:00:00,,,-1
Scolari's Store #18 ,3310 S. McCarran Blvd Reno 89502,0101000020E6100000CF4E0647C9EF5DC0520FD1E80EBE4340,2016-10-30T11:00:00,18000.0,2016-10-30T16:00:00,1
Scolari's Store #18 ,3310 S. McCarran Blvd Reno 89502,0101000020E6100000CF4E0647C9EF5DC0520FD1E80EBE4340,2016-10-30T16:00:00,,,-1
Scolari's Store #18 ,3310 S. McCarran Blvd Reno 89502,0101000020E6100000CF4E0647C9EF5DC0520FD1E80EBE4340,2016-10-31T10:00:00,28800.0,2016-10-31T18:00:00,1
Scolari's Store #18 ,3310 S. McCarran Blvd Reno 89502,0101000020E6100000CF4E0647C9EF5DC0520FD1E80EBE4340,2016-10-31T18:00:00,,,-1
Scolari's Store #18 ,3310 S. McCarran Blvd Reno 89502,0101000020E6100000CF4E0647C9EF5DC0520FD1E80EBE4340,2016-11-01T10:00:00,28800.0,2016-11-01T18:00:00,1
Scolari's Store #18 ,3310 S. McCarran Blvd Reno 89502,0101000020E6100000CF4E0647C9EF5DC0520FD1E80EBE4340,2016-11-01T18:00:00,,,-1
Scolari's Store #18 ,3310 S. McCarran Blvd Reno 89502,0101000020E6100000CF4E0647C9EF5DC0520FD1E80EBE4340,2016-11-02T10:00:00,28800.0,2016-11-02T18:00:00,1
Scolari's Store #18 ,3310 S. McCarran Blvd Reno 89502,0101000020E6100000CF4E0647C9EF5DC0520FD1E80EBE4340,2016-11-02T18:00:00,,,-1
Scolari's Store #18 ,3310 S. McCarran Blvd Reno 89502,0101000020E6100000CF4E0647C9EF5DC0520FD1E80EBE4340,2016-11-03T09:00:00,36000.0,2016-11-03T19:00:00,1
Scolari's Store #18 ,3310 S. McCarran Blvd Reno 89502,0101000020E6100000CF4E0647C9EF5DC0520FD1E80EBE4340,2016-11-03T19:00:00,,,-1
Scolari's Store #18 ,3310 S. McCarran Blvd Reno 89502,0101000020E6100000CF4E0647C9EF5DC0520FD1E80EBE4340,2016-11-04T09:00:00,36000.0,2016-11-04T19:00:00,1
Scolari's Store #18 ,3310 S. McCarran Blvd Reno 89502,0101000020E6100000CF4E0647C9EF5DC0520FD1E80EBE4340,2016-11-04T19:00:00,,,-1
Scolari's Store #24 ,4788 Caughlin Pkwy Reno 89519,0101000020E6100000D1798D5DA2F65DC0A06CCA15DEBD4340,2016-10-22T10:00:00,28800.0,2016-10-22T18:00:00,1
Scolari's Store #24 ,4788 Caughlin Pkwy Reno 89519,0101000020E6100000D1798D5DA2F65DC0A06CCA15DEBD4340,2016-10-22T18:00:00,,,-1
Scolari's Store #24 ,4788 Caughlin Pkwy Reno 89519,0101000020E6100000D1798D5DA2F65DC0A06CCA15DEBD4340,2016-10-23T11:00:00,18000.0,2016-10-23T16:00:00,1
Scolari's Store #24 ,4788 Caughlin Pkwy Reno 89519,0101000020E6100000D1798D5DA2F65DC0A06CCA15DEBD4340,2016-10-23T16:00:00,,,-1
Scolari's Store #24 ,4788 Caughlin Pkwy Reno 89519,0101000020E6100000D1798D5DA2F65DC0A06CCA15DEBD4340,2016-10-24T10:00:00,28800.0,2016-10-24T18:00:00,1
Scolari's Store #24 ,4788 Caughlin Pkwy Reno 89519,0101000020E6100000D1798D5DA2F65DC0A06CCA15DEBD4340,2016-10-24T18:00:00,,,-1
Scolari's Store #24 ,4788 Caughlin Pkwy Reno 89519,0101000020E6100000D1798D5DA2F65DC0A06CCA15DEBD4340,2016-10-25T10:00:00,28800.0,2016-10-25T18:00:00,1
Scolari's Store #24 ,4788 Caughlin Pkwy Reno 89519,0101000020E6100000D1798D5DA2F65DC0A06CCA15DEBD4340,2016-10-25T18:00:00,,,-1
Scolari's Store #24 ,4788 Caughlin Pkwy Reno 89519,0101000020E6100000D1798D5DA2F65DC0A06CCA15DEBD4340,2016-10-26T10:00:00,28800.0,2016-10-26T18:00:00,1
Scolari's Store #24 ,4788 Caughlin Pkwy Reno 89519,0101000020E6100000D1798D5DA2F65DC0A06CCA15DEBD4340,2016-10-26T18:00:00,,,-1
Scolari's Store #24 ,4788 Caughlin Pkwy Reno 89519,0101000020E6100000D1798D5DA2F65DC0A06CCA15DEBD4340,2016-10-27T10:00:00,28800.0,2016-10-27T18:00:00,1
Scolari's Store #24 ,4788 Caughlin Pkwy Reno 89519,0101000020E6100000D1798D5DA2F65DC0A06CCA15DEBD4340,2016-10-27T18:00:00,,,-1
Scolari's Store #24 ,4788 Caughlin Pkwy Reno 89519,0101000020E6100000D1798D5DA2F65DC0A06CCA15DEBD4340,2016-10-28T10:00:00,28800.0,2016-10-28T18:00:00,1
Scolari's Store #24 ,4788 Caughlin Pkwy Reno 89519,0101000020E6100000D1798D5DA2F65DC0A06CCA15DEBD4340,2016-10-28T18:00:00,,,-1
Scolari's Store #24 ,4788 Caughlin Pkwy Reno 89519,0101000020E6100000D1798D5DA2F65DC0A06CCA15DEBD4340,2016-10-29T10:00:00,28800.0,2016-10-29T18:00:00,1
Scolari's Store #24 ,4788 Caughlin Pkwy Reno 89519,0101000020E6100000D1798D5DA2F65DC0A06CCA15DEBD4340,2016-10-29T18:00:00,,,-1
Scolari's Store #24 ,4788 Caughlin Pkwy Reno 89519,0101000020E6100000D1798D5DA2F65DC0A06CCA15DEBD4340,2016-10-30T11:00:00,18000.0,2016-10-30T16:00:00,1
Scolari's Store #24 ,4788 Caughlin Pkwy Reno 89519,0101000020E6100000D1798D5DA2F65DC0A06CCA15DEBD4340,2016-10-30T16:00:00,,,-1
Scolari's Store #24 ,4788 Caughlin Pkwy Reno 89519,0101000020E6100000D1798D5DA2F65DC0A06CCA15DEBD4340,2016-10-31T10:00:00,28800.0,2016-10-31T18:00:00,1
Scolari's Store #24 ,4788 Caughlin Pkwy Reno 89519,0101000020E6100000D1798D5DA2F65DC0A06CCA15DEBD4340,2016-10-31T18:00:00,,,-1
Scolari's Store #24 ,4788 Caughlin Pkwy Reno 89519,0101000020E6100000D1798D5DA2F65DC0A06CCA15DEBD4340,2016-11-01T10:00:00,28800.0,2016-11-01T18:00:00,1
Scolari's Store #24 ,4788 Caughlin Pkwy Reno 89519,0101000020E6100000D1798D5DA2F65DC0A06CCA15DEBD4340,2016-11-01T18:00:00,,,-1
Scolari's Store #24 ,4788 Caughlin Pkwy Reno 89519,0101000020E6100000D1798D5DA2F65DC0A06CCA15DEBD4340,2016-11-02T10:00:00,28800.0,2016-11-02T18:00:00,1
Scolari's Store #24 ,4788 Caughlin Pkwy Reno 89519,0101000020E6100000D1798D5DA2F65DC0A06CCA15DEBD4340,2016-11-02T18:00:00,,,-1
Scolari's Store #24 ,4788 Caughlin Pkwy Reno 89519,0101000020E6100000D1798D5DA2F65DC0A06CCA15DEBD4340,2016-11-03T09:00:00,36000.0,2016-11-03T19:00:00,1
Scolari's Store #24 ,4788 Caughlin Pkwy Reno 89519,0101000020E6100000D1798D5DA2F65DC0A06CCA15DEBD4340,2016-11-03T19:00:00,,,-1
Scolari's Store #24 ,4788 Caughlin Pkwy Reno 89519,0101000020E6100000D1798D5DA2F65DC0A06CCA15DEBD4340,2016-11-04T09:00:00,36000.0,2016-11-04T19:00:00,1
Scolari's Store #24 ,4788 Caughlin Pkwy Reno 89519,0101000020E6100000D1798D5DA2F65DC0A06CCA15DEBD4340,2016-11-04T19:00:00,,,-1
Shoppers Square,370 Casazza Dr Reno 89502,0101000020E610000048F949B54FF35DC0A913D044D8C04340,2016-10-22T10:00:00,28800.0,2016-10-22T18:00:00,1
Shoppers Square,370 Casazza Dr Reno 89502,0101000020E610000048F949B54FF35DC0A913D044D8C04340,2016-10-22T18:00:00,,,-1
Shoppers Square,370 Casazza Dr Reno 89502,0101000020E610000048F949B54FF35DC0A913D044D8C04340,2016-10-23T11:00:00,18000.0,2016-10-23T16:00:00,1
Shoppers Square,370 Casazza Dr Reno 89502,0101000020E610000048F949B54FF35DC0A913D044D8C04340,2016-10-23T16:00:00,,,-1
Shoppers Square,370 Casazza Dr Reno 89502,0101000020E610000048F949B54FF35DC0A913D044D8C04340,2016-10-24T10:00:00,28800.0,2016-10-24T18:00:00,1
Shoppers Square,370 Casazza Dr Reno 89502,0101000020E610000048F949B54FF35DC0A913D044D8C04340,2016-10-24T18:00:00,,,-1
Shoppers Square,370 Casazza Dr Reno 89502,0101000020E610000048F949B54FF35DC0A913D044D8C04340,2016-10-25T10:00:00,28800.0,2016-10-25T18:00:00,1
Shoppers Square,370 Casazza Dr Reno 89502,0101000020E610000048F949B54FF35DC0A913D044D8C04340,2016-10-25T18:00:00,,,-1
Shoppers Square,370 Casazza Dr Reno 89502,0101000020E610000048F949B54FF35DC0A913D044D8C04340,2016-10-26T10:00:00,28800.0,2016-10-26T18:00:00,1
Shoppers Square,370 Casazza Dr Reno 89502,0101000020E610000048F949B54FF35DC0A913D044D8C04340,2016-10-26T18:00:00,,,-1
Shoppers Square,370 Casazza Dr Reno 89502,0101000020E610000048F949B54FF35DC0A913D044D8C04340,2016-10-27T10:00:00,28800.0,2016-10-27T18:00:00,1
Shoppers Square,370 Casazza Dr Reno 89502,0101000020E610000048F949B54FF35DC0A913D044D8C04340,2016-10-27T18:00:00,,,-1
Shoppers Square,370 Casazza Dr Reno 89502,0101000020E610000048F949B54FF35DC0A913D044D8C04340,2016-10-28T10:00:00,28800.0,2016-10-28T18:00:00,1
Shoppers Square,370 Casazza Dr Reno 89502,0101000020E610000048F949B54FF35DC0A913D044D8C04340,2016-10-28T18:00:00,,,-1
Shoppers Square,370 Casazza Dr Reno 89502,0101000020E610000048F949B54FF35DC0A913D044D8C04340,2016-10-29T10:00:00,28800.0,2016-10-29T18:00:00,1
Shoppers Square,370 Casazza Dr Reno 89502,0101000020E610000048F949B54FF35DC0A913D044D8C04340,2016-10-29T18:00:00,,,-1
Shoppers Square,370 Casazza Dr Reno 89502,0101000020E610000048F949B54FF35DC0A913D044D8C04340,2016-10-30T11:00:00,18000.0,2016-10-30T16:00:00,1
Shoppers Square,370 Casazza Dr Reno 89502,0101000020E610000048F949B54FF35DC0A913D044D8C04340,2016-10-30T16:00:00,,,-1
Shoppers Square,370 Casazza Dr Reno 89502,0101000020E610000048F949B54FF35DC0A913D044D8C04340,2016-10-31T10:00:00,28800.0,2016-10-31T18:00:00,1
Shoppers Square,370 Casazza Dr Reno 89502,0101000020E610000048F949B54FF35DC0A913D044D8C04340,2016-10-31T18:00:00,,,-1
Shoppers Square,370 Casazza Dr Reno 89502,0101000020E610000048F949B54FF35DC0A913D044D8C04340,2016-11-01T10:00:00,28800.0,2016-11-01T18:00:00,1
Shoppers Square,370 Casazza Dr Reno 89502,0101000020E610000048F949B54FF35DC0A913D044D8C04340,2016-11-01T18:00:00,,,-1
Shoppers Square,370 Casazza Dr Reno 89502,0101000020E610000048F949B54FF35DC0A913D044D8C04340,2016-11-02T10:00:00,28800.0,2016-11-02T18:00:00,1
Shoppers Square,370 Casazza Dr Reno 89502,0101000020E610000048F949B54FF35DC0A913D044D8C04340,2016-11-02T18:00:00,,,-1
Shoppers Square,370 Casazza Dr Reno 89502,0101000020E610000048F949B54FF35DC0A913D044D8C04340,2016-11-03T09:00:00,36000.0,2016-11-03T19:00:00,1
Shoppers Square,370 Casazza Dr Reno 89502,0101000020E610000048F949B54FF35DC0A913D044D8C04340,2016-11-03T19:00:00,,,-1
Shoppers Square,370 Casazza Dr Reno 89502,0101000020E610000048F949B54FF35DC0A913D044D8C04340,2016-11-04T09:00:00,36000.0,2016-11-04T19:00:00,1
Shoppers Square,370 Casazza Dr Reno 89502,0101000020E610000048F949B54FF35DC0A913D044D8C04340,2016-11-04T19:00:00,,,-1
South Valleys Library,15650A Wedge Pkwy Reno  89511,0101000020E61000007CF2B0506BF05DC08F33F21E0CB44340,2016-10-22T11:00:00,18000.0,2016-10-22T16:00:00,1
South Valleys Library,15650A Wedge Pkwy Reno  89511,0101000020E61000007CF2B0506BF05DC08F33F21E0CB44340,2016-10-22T16:00:00,,,-1
South Valleys Library,15650A Wedge Pkwy Reno  89511,0101000020E61000007CF2B0506BF05DC08F33F21E0CB44340,2016-10-24T11:00:00,25200.0,2016-10-24T18:00:00,1
South Valleys Library,15650A Wedge Pkwy Reno  89511,0101000020E61000007CF2B0506BF05DC08F33F21E0CB44340,2016-10-24T18:00:00,,,-1
South Valleys Library,15650A Wedge Pkwy Reno  89511,0101000020E61000007CF2B0506BF05DC08F33F21E0CB44340,2016-10-25T11:00:00,25200.0,2016-10-25T18:00:00,1
South Valleys Library,15650A Wedge Pkwy Reno  89511,0101000020E61000007CF2B0506BF05DC08F33F21E0CB44340,2016-10-25T18:00:00,,,-1
South Valleys Library,15650A Wedge Pkwy Reno  89511,0101000020E61000007CF2B0506BF05DC08F33F21E0CB44340,2016-10-26T11:00:00,25200.0,2016-10-26T18:00:00,1
South Valleys Library,15650A Wedge Pkwy Reno  89511,0101000020E61000007CF2B0506BF05DC08F33F21E0CB44340,2016-10-26T18:00:00,,,-1
South Valleys Library,15650A Wedge Pkwy Reno  89511,0101000020E61000007CF2B0506BF05DC08F33F21E0CB44340,2016-10-27T11:00:00,25200.0,2016-10-27T18:00:00,1
South Valleys Library,15650A Wedge Pkwy Reno  89511,0101000020E61000007CF2B0506BF05DC08F33F21E0CB44340,2016-10-27T18:00:00,,,-1
South Valleys Library,15650A Wedge Pkwy Reno  89511,0101000020E61000007CF2B0506BF05DC08F33F21E0CB44340,2016-10-29T11:00:00,18000.0,2016-10-29T16:00:00,1
South Valleys Library,15650A Wedge Pkwy Reno  89511,0101000020E61000007CF2B0506BF05DC08F33F21E0CB44340,2016-10-29T16:00:00,,,-1
South Valleys Library,15650A Wedge Pkwy Reno  89511,0101000020E61000007CF2B0506BF05DC08F33F21E0CB44340,2016-10-31T11:00:00,25200.0,2016-10-31T18:00:00,1
South Valleys Library,15650A Wedge Pkwy Reno  89511,0101000020E61000007CF2B0506BF05DC08F33F21E0CB44340,2016-10-31T18:00:00,,,-1
South Valleys Library,15650A Wedge Pkwy Reno  89511,0101000020E61000007CF2B0506BF05DC08F33F21E0CB44340,2016-11-01T11:00:00,25200.0,2016-11-01T18:00:00,1
South Valleys Library,15650A Wedge Pkwy Reno  89511,0101000020E61000007CF2B0506BF05DC08F33F21E0CB44340,2016-11-01T18:00:00,,,-1
South Valleys Library,15650A Wedge Pkwy Reno  89511,0101000020E61000007CF2B0506BF05DC08F33F21E0CB44340,2016-11-02T11:00:00,25200.0,2016-11-02T18:00:00,1
South Valleys Library,15650A Wedge Pkwy Reno  89511,0101000020E61000007CF2B0506BF05DC08F33F21E0CB44340,2016-11-02T18:00:00,,,-1
South Valleys Library,15650A Wedge Pkwy Reno  89511,0101000020E61000007CF2B0506BF05DC08F33F21E0CB44340,2016-11-03T11:00:00,25200.0,2016-11-03T18:00:00,1
South Valleys Library,15650A Wedge Pkwy Reno  89511,0101000020E61000007CF2B0506BF05DC08F33F21E0CB44340,2016-11-03T18:00:00,,,-1
South Valleys Library,15650A Wedge Pkwy Reno  89511,0101000020E61000007CF2B0506BF05DC08F33F21E0CB44340,2016-11-04T11:00:00,25200.0,2016-11-04T18:00:00,1
South Valleys Library,15650A Wedge Pkwy Reno  89511,0101000020E61000007CF2B0506BF05DC08F33F21E0CB44340,2016-11-04T18:00:00,,,-1
Spanish Springs Library,7100 Pyramid Hwy Sparks 89436,0101000020E6100000BC5CC47762EE5DC08195438B6CCF4340,2016-10-23T11:00:00,18000.0,2016-10-23T16:00:00,1
Spanish Springs Library,7100 Pyramid Hwy Sparks 89436,0101000020E6100000BC5CC47762EE5DC08195438B6CCF4340,2016-10-23T16:00:00,,,-1
Spanish Springs Library,7100 Pyramid Hwy Sparks 89436,0101000020E6100000BC5CC47762EE5DC08195438B6CCF4340,2016-10-24T11:00:00,25200.0,2016-10-24T18:00:00,1
Spanish Springs Library,7100 Pyramid Hwy Sparks 89436,0101000020E6100000BC5CC47762EE5DC08195438B6CCF4340,2016-10-24T18:00:00,,,-1
Spanish Springs Library,7100 Pyramid Hwy Sparks 89436,0101000020E6100000BC5CC47762EE5DC08195438B6CCF4340,2016-10-25T11:00:00,25200.0,2016-10-25T18:00:00,1
Spanish Springs Library,7100 Pyramid Hwy Sparks 89436,0101000020E6100000BC5CC47762EE5DC08195438B6CCF4340,2016-10-25T18:00:00,,,-1
Spanish Springs Library,7100 Pyramid Hwy Sparks 89436,0101000020E6100000BC5CC47762EE5DC08195438B6CCF4340,2016-10-26T11:00:00,25200.0,2016-10-26T18:00:00,1
Spanish Springs Library,7100 Pyramid Hwy Sparks 89436,0101000020E6100000BC5CC47762EE5DC08195438B6CCF4340,2016-10-26T18:00:00,,,-1
Spanish Springs Library,7100 Pyramid Hwy Sparks 89436,0101000020E6100000BC5CC47762EE5DC08195438B6CCF4340,2016-10-30T11:00:00,18000.0,2016-10-30T16:00:00,1
Spanish Springs Library,7100 Pyramid Hwy Sparks 89436,0101000020E6100000BC5CC47762EE5DC08195438B6CCF4340,2016-10-30T16:00:00,,,-1
Spanish Springs Library,7100 Pyramid Hwy Sparks 89436,0101000020E6100000BC5CC47762EE5DC08195438B6CCF4340,2016-10-31T11:00:00,25200.0,2016-10-31T18:00:00,1
Spanish Springs Library,7100 Pyramid Hwy Sparks 89436,0101000020E6100000BC5CC47762EE5DC08195438B6CCF4340,2016-10-31T18:00:00,,,-1
Spanish Springs Library,7100 Pyramid Hwy Sparks 89436,0101000020E6100000BC5CC47762EE5DC08195438B6CCF4340,2016-11-01T11:00:00,25200.0,2016-11-01T18:00:00,1
Spanish Springs Library,7100 Pyramid Hwy Sparks 89436,0101000020E6100000BC5CC47762EE5DC08195438B6CCF4340,2016-11-01T18:00:00,,,-1
Spanish Springs Library,7100 Pyramid Hwy Sparks 89436,0101000020E6100000BC5CC47762EE5DC08195438B6CCF4340,2016-11-02T11:00:00,25200.0,2016-11-02T18:00:00,1
Spanish Springs Library,7100 Pyramid Hwy Sparks 89436,0101000020E6100000BC5CC47762EE5DC08195438B6CCF4340,2016-11-02T18:00:00,,,-1
Spanish Springs Library,7100 Pyramid Hwy Sparks 89436,0101000020E6100000BC5CC47762EE5DC08195438B6CCF4340,2016-11-03T11:00:00,25200.0,2016-11-03T18:00:00,1
Spanish Springs Library,7100 Pyramid Hwy Sparks 89436,0101000020E6100000BC5CC47762EE5DC08195438B6CCF4340,2016-11-03T18:00:00,,,-1
Sparks Library,1125 12th St Sparks 89431,0101000020E6100000B18A37328FF05DC0E162450DA6C54340,2016-10-22T11:00:00,18000.0,2016-10-22T16:00:00,1
Sparks Library,1125 12th St Sparks 89431,0101000020E6100000B18A37328FF05DC0E162450DA6C54340,2016-10-22T16:00:00,,,-1
Sparks Library,1125 12th St Sparks 89431,0101000020E6100000B18A37328FF05DC0E162450DA6C54340,2016-10-24T11:00:00,25200.0,2016-10-24T18:00:00,1
Sparks Library,1125 12th St Sparks 89431,0101000020E6100000B18A37328FF05DC0E162450DA6C54340,2016-10-24T18:00:00,,,-1
Sparks Library,1125 12th St Sparks 89431,0101000020E6100000B18A37328FF05DC0E162450DA6C54340,2016-10-25T11:00:00,25200.0,2016-10-25T18:00:00,1
Sparks Library,1125 12th St Sparks 89431,0101000020E6100000B18A37328FF05DC0E162450DA6C54340,2016-10-25T18:00:00,,,-1
Sparks Library,1125 12th St Sparks 89431,0101000020E6100000B18A37328FF05DC0E162450DA6C54340,2016-10-26T11:00:00,25200.0,2016-10-26T18:00:00,1
Sparks Library,1125 12th St Sparks 89431,0101000020E6100000B18A37328FF05DC0E162450DA6C54340,2016-10-26T18:00:00,,,-1
Sparks Library,1125 12th St Sparks 89431,0101000020E6100000B18A37328FF05DC0E162450DA6C54340,2016-10-27T11:00:00,25200.0,2016-10-27T18:00:00,1
Sparks Library,1125 12th St Sparks 89431,0101000020E6100000B18A37328FF05DC0E162450DA6C54340,2016-10-27T18:00:00,,,-1
Sparks Library,1125 12th St Sparks 89431,0101000020E6100000B18A37328FF05DC0E162450DA6C54340,2016-10-29T11:00:00,18000.0,2016-10-29T16:00:00,1
Sparks Library,1125 12th St Sparks 89431,0101000020E6100000B18A37328FF05DC0E162450DA6C54340,2016-10-29T16:00:00,,,-1
Sparks Library,1125 12th St Sparks 89431,0101000020E6100000B18A37328FF05DC0E162450DA6C54340,2016-10-31T11:00:00,25200.0,2016-10-31T18:00:00,1
Sparks Library,1125 12th St Sparks 89431,0101000020E6100000B18A37328FF05DC0E162450DA6C54340,2016-10-31T18:00:00,,,-1
Sparks Library,1125 12th St Sparks 89431,0101000020E6100000B18A37328FF05DC0E162450DA6C54340,2016-11-01T11:00:00,25200.0,2016-11-01T18:00:00,1
Sparks Library,1125 12th St Sparks 89431,0101000020E6100000B18A37328FF05DC0E162450DA6C54340,2016-11-01T18:00:00,,,-1
Sparks Library,1125 12th St Sparks 89431,0101000020E6100000B18A37328FF05DC0E162450DA6C54340,2016-11-02T11:00:00,25200.0,2016-11-02T18:00:00,1
Sparks Library,1125 12th St Sparks 89431,0101000020E6100000B18A37328FF05DC0E162450DA6C54340,2016-11-02T18:00:00,,,-1
Sparks Library,1125 12th St Sparks 89431,0101000020E6100000B18A37328FF05DC0E162450DA6C54340,2016-11-03T11:00:00,25200.0,2016-11-03T18:00:00,1
Sparks Library,1125 12th St Sparks 89431,0101000020E6100000B18A37328FF05DC0E162450DA6C54340,2016-11-03T18:00:00,,,-1
Sparks Library,1125 12th St Sparks 89431,0101000020E6100000B18A37328FF05DC0E162450DA6C54340,2016-11-04T11:00:00,25200.0,2016-11-04T18:00:00,1
Sparks Library,1125 12th St Sparks 89431,0101000020E6100000B18A37328FF05DC0E162450DA6C54340,2016-11-04T18:00:00,,,-1
Sun Valley Center,5055 Sun Valley Blvd #100 Sun Valley 89433,0101000020E610000020B58993FBF15DC00490DAC4C9C94340,2016-10-22T10:00:00,28800.0,2016-10-22T18:00:00,1
Sun Valley Center,5055 Sun Valley Blvd #100 Sun Valley 89433,0101000020E610000020B58993FBF15DC00490DAC4C9C94340,2016-10-22T18:00:00,,,-1
Sun Valley Center,5055 Sun Valley Blvd #100 Sun Valley 89433,0101000020E610000020B58993FBF15DC00490DAC4C9C94340,2016-10-23T11:00:00,18000.0,2016-10-23T16:00:00,1
Sun Valley Center,5055 Sun Valley Blvd #100 Sun Valley 89433,0101000020E610000020B58993FBF15DC00490DAC4C9C94340,2016-10-23T16:00:00,,,-1
Sun Valley Center,5055 Sun Valley Blvd #100 Sun Valley 89433,0101000020E610000020B58993FBF15DC00490DAC4C9C94340,2016-10-24T10:00:00,28800.0,2016-10-24T18:00:00,1
Sun Valley Center,5055 Sun Valley Blvd #100 Sun Valley 89433,0101000020E610000020B58993FBF15DC00490DAC4C9C94340,2016-10-24T18:00:00,,,-1
Sun Valley Center,5055 Sun Valley Blvd #100 Sun Valley 89433,0101000020E610000020B58993FBF15DC00490DAC4C9C94340,2016-10-25T10:00:00,28800.0,2016-10-25T18:00:00,1
Sun Valley Center,5055 Sun Valley Blvd #100 Sun Valley 89433,0101000020E610000020B58993FBF15DC00490DAC4C9C94340,2016-10-25T18:00:00,,,-1
Sun Valley Center,5055 Sun Valley Blvd #100 Sun Valley 89433,0101000020E610000020B58993FBF15DC00490DAC4C9C94340,2016-10-26T10:00:00,28800.0,2016-10-26T18:00:00,1
Sun Valley Center,5055 Sun Valley Blvd #100 Sun Valley 89433,0101000020E610000020B58993FBF15DC00490DAC4C9C94340,2016-10-26T18:00:00,,,-1
Sun Valley Center,5055 Sun Valley Blvd #100 Sun Valley 89433,0101000020E610000020B58993FBF15DC00490DAC4C9C94340,2016-10-27T10:00:00,28800.0,2016-10-27T18:00:00,1
Sun Valley Center,5055 Sun Valley Blvd #100 Sun Valley 89433,0101000020E610000020B58993FBF15DC00490DAC4C9C94340,2016-10-27T18:00:00,,,-1
Sun Valley Center,5055 Sun Valley Blvd #100 Sun Valley 89433,0101000020E610000020B58993FBF15DC00490DAC4C9C94340,2016-10-28T10:00:00,28800.0,2016-10-28T18:00:00,1
Sun Valley Center,5055 Sun Valley Blvd #100 Sun Valley 89433,0101000020E610000020B58993FBF15DC00490DAC4C9C94340,2016-10-28T18:00:00,,,-1
Sun Valley Center,5055 Sun Valley Blvd #100 Sun Valley 89433,0101000020E610000020B58993FBF15DC00490DAC4C9C94340,2016-10-29T10:00:00,28800.0,2016-10-29T18:00:00,1
Sun Valley Center,5055 Sun Valley Blvd #100 Sun Valley 89433,0101000020E610000020B58993FBF15DC00490DAC4C9C94340,2016-10-29T18:00:00,,,-1
Sun Valley Center,5055 Sun Valley Blvd #100 Sun Valley 89433,0101000020E610000020B58993FBF15DC00490DAC4C9C94340,2016-10-30T11:00:00,18000.0,2016-10-30T16:00:00,1
Sun Valley Center,5055 Sun Valley Blvd #100 Sun Valley 89433,0101000020E610000020B58993FBF15DC00490DAC4C9C94340,2016-10-30T16:00:00,,,-1
Sun Valley Center,5055 Sun Valley Blvd #100 Sun Valley 89433,0101000020E610000020B58993FBF15DC00490DAC4C9C94340,2016-10-31T10:00:00,28800.0,2016-10-31T18:00:00,1
Sun Valley Center,5055 Sun Valley Blvd #100 Sun Valley 89433,0101000020E610000020B58993FBF15DC00490DAC4C9C94340,2016-10-31T18:00:00,,,-1
Sun Valley Center,5055 Sun Valley Blvd #100 Sun Valley 89433,0101000020E610000020B58993FBF15DC00490DAC4C9C94340,2016-11-01T10:00:00,28800.0,2016-11-01T18:00:00,1
Sun Valley Center,5055 Sun Valley Blvd #100 Sun Valley 89433,0101000020E610000020B58993FBF15DC00490DAC4C9C94340,2016-11-01T18:00:00,,,-1
Sun Valley Center,5055 Sun Valley Blvd #100 Sun Valley 89433,0101000020E610000020B58993FBF15DC00490DAC4C9C94340,2016-11-02T10:00:00,28800.0,2016-11-02T18:00:00,1
Sun Valley Center,5055 Sun Valley Blvd #100 Sun Valley 89433,0101000020E610000020B58993FBF15DC00490DAC4C9C94340,2016-11-02T18:00:00,,,-1
Sun Valley Center,5055 Sun Valley Blvd #100 Sun Valley 89433,0101000020E610000020B58993FBF15DC00490DAC4C9C94340,2016-11-03T09:00:00,36000.0,2016-11-03T19:00:00,1
Sun Valley Center,5055 Sun Valley Blvd #100 Sun Valley 89433,0101000020E610000020B58993FBF15DC00490DAC4C9C94340,2016-11-03T19:00:00,,,-1
Sun Valley Center,5055 Sun Valley Blvd #100 Sun Valley 89433,0101000020E610000020B58993FBF15DC00490DAC4C9C94340,2016-11-04T09:00:00,36000.0,2016-11-04T19:00:00,1
Sun Valley Center,5055 Sun Valley Blvd #100 Sun Valley 89433,0101000020E610000020B58993FBF15DC00490DAC4C9C94340,2016-11-04T19:00:00,,,-1
UNR Joe Crowley Student Union,15th Street & West Stadium Way Reno,0101000020E61000009CC420B072F45DC084F068E388C54340,2016-10-23T11:00:00,18000.0,2016-10-23T16:00:00,1
UNR Joe Crowley Student Union,15th Street & West Stadium Way Reno,0101000020E61000009CC420B072F45DC084F068E388C54340,2016-10-23T16:00:00,,,-1
UNR Joe Crowley Student Union,15th Street & West Stadium Way Reno,0101000020E61000009CC420B072F45DC084F068E388C54340,2016-10-24T10:00:00,28800.0,2016-10-24T18:00:00,1
UNR Joe Crowley Student Union,15th Street & West Stadium Way Reno,0101000020E61000009CC420B072F45DC084F068E388C54340,2016-10-24T18:00:00,,,-1
UNR Joe Crowley Student Union,15th Street & West Stadium Way Reno,0101000020E61000009CC420B072F45DC084F068E388C54340,2016-10-25T10:00:00,28800.0,2016-10-25T18:00:00,1
UNR Joe Crowley Student Union,15th Street & West Stadium Way Reno,0101000020E61000009CC420B072F45DC084F068E388C54340,2016-10-25T18:00:00,,,-1
UNR Joe Crowley Student Union,15th Street & West Stadium Way Reno,0101000020E61000009CC420B072F45DC084F068E388C54340,2016-10-26T10:00:00,28800.0,2016-10-26T18:00:00,1
UNR Joe Crowley Student Union,15th Street & West Stadium Way Reno,0101000020E61000009CC420B072F45DC084F068E388C54340,2016-10-26T18:00:00,,,-1
UNR Joe Crowley Student Union,15th Street & West Stadium Way Reno,0101000020E61000009CC420B072F45DC084F068E388C54340,2016-10-27T10:00:00,28800.0,2016-10-27T18:00:00,1
UNR Joe Crowley Student Union,15th Street & West Stadium Way Reno,0101000020E61000009CC420B072F45DC084F068E388C54340,2016-10-27T18:00:00,,,-1
UNR Joe Crowley Student Union,15th Street & West Stadium Way Reno,0101000020E61000009CC420B072F45DC084F068E388C54340,2016-10-28T10:00:00,28800.0,2016-10-28T18:00:00,1
UNR Joe Crowley Student Union,15th Street & West Stadium Way Reno,0101000020E61000009CC420B072F45DC084F068E388C54340,2016-10-28T18:00:00,,,-1
UNR Joe Crowley Student Union,15th Street & West Stadium Way Reno,0101000020E61000009CC420B072F45DC084F068E388C54340,2016-10-29T11:00:00,18000.0,2016-10-29T16:00:00,1
UNR Joe Crowley Student Union,15th Street & West Stadium Way Reno,0101000020E61000009CC420B072F45DC084F068E388C54340,2016-10-29T16:00:00,,,-1
UNR Joe Crowley Student Union,15th Street & West Stadium Way Reno,0101000020E61000009CC420B072F45DC084F068E388C54340,2016-10-30T11:00:00,18000.0,2016-10-30T16:00:00,1
UNR Joe Crowley Student Union,15th Street & West Stadium Way Reno,0101000020E61000009CC420B072F45DC084F068E388C54340,2016-10-30T16:00:00,,,-1
UNR Joe Crowley Student Union,15th Street & West Stadium Way Reno,0101000020E61000009CC420B072F45DC084F068E388C54340,2016-10-31T10:00:00,28800.0,2016-10-31T18:00:00,1
UNR Joe Crowley Student Union,15th Street & West Stadium Way Reno,0101000020E61000009CC420B072F45DC084F068E388C54340,2016-10-31T18:00:00,,,-1
UNR Joe Crowley Student Union,15th Street & West Stadium Way Reno,0101000020E61000009CC420B072F45DC084F068E388C54340,2016-11-01T10:00:00,28800.0,2016-11-01T18:00:00,1
UNR Joe Crowley Student Union,15th Street & West Stadium Way Reno,0101000020E61000009CC420B072F45DC084F068E388C54340,2016-11-01T18:00:00,,,-1
UNR Joe Crowley Student Union,15th Street & West Stadium Way Reno,0101000020E61000009CC420B072F45DC084F068E388C54340,2016-11-02T10:00:00,28800.0,2016-11-02T18:00:00,1
UNR Joe Crowley Student Union,15th Street & West Stadium Way Reno,0101000020E61000009CC420B072F45DC084F068E388C54340,2016-11-02T18:00:00,,,-1
UNR Joe Crowley Student Union,15th Street & West Stadium Way Reno,0101000020E61000009CC420B072F45DC084F068E388C54340,2016-11-03T10:00:00,28800.0,2016-11-03T18:00:00,1
UNR Joe Crowley Student Union,15th Street & West Stadium Way Reno,0101000020E61000009CC420B072F45DC084F068E388C54340,2016-11-03T18:00:00,,,-1
UNR Joe Crowley Student Union,15th Street & West Stadium Way Reno,0101000020E61000009CC420B072F45DC084F068E388C54340,2016-11-04T10:00:00,28800.0,2016-11-04T18:00:00,1
UNR Joe Crowley Student Union,15th Street & West Stadium Way Reno,0101000020E61000009CC420B072F45DC084F068E388C54340,2016-11-04T18:00:00,,,-1
